"","n","val","val_no_trend","val_no_s2"
"1",1,58,27.8090526707772,-11.1059473292228
"2",2,22,-8.18671424041582,-45.6267142404158
"3",3,21,-9.18248115160889,-28.7099811516089
"4",4,10,-20.1782480628019,-30.9232480628019
"5",5,14,-16.174014973995,-28.051514973995
"6",6,36,5.83021811481194,-12.5197818851881
"7",7,65,34.8344512036189,4.17195120361888
"8",8,38,7.83868429242582,-25.0663157075742
"9",9,13,-17.1570826187672,-50.6345826187672
"10",10,8,-22.1528495299603,-40.209516196627
"11",11,13,-17.1486164411534,-48.8086164411534
"12",12,12,-18.1443833523464,-48.2143833523464
"13",13,14,-16.1401502635395,-38.3476502635395
"14",14,20,-10.1359171747325,-24.9134171747325
"15",15,18,-12.1316840859256,-40.4341840859256
"16",16,41,10.8725490028813,-17.4554509971187
"17",17,55,24.8767820916883,-6.41721790831171
"18",18,47,16.8810151804952,-21.8149848195048
"19",19,37,6.88524826930217,-36.4087517306978
"20",20,84,53.8894813581091,1.18548135810911
"21",21,52,21.8937144469161,-33.5042855530839
"22",22,53,22.897947535723,-34.986052464277
"23",23,59,28.9021806245299,-39.1538193754701
"24",24,37,6.90641371333687,-46.8155862866631
"25",25,26,-4.08935319785619,-34.1073531978562
"26",26,32,1.91487989095075,-38.9771201090493
"27",27,17,-13.0808870202423,-58.2648870202423
"28",28,21,-9.07665393143537,-48.1106539314354
"29",29,19,-11.0724208426284,-49.9584208426284
"30",30,22,-8.06818775382148,-25.1006877538215
"31",31,23,-7.06395466501454,-31.2139546650145
"32",32,34,3.9402784237924,-33.3857215762076
"33",33,49,18.9445115125993,-22.3954884874007
"34",34,37,6.94874460140628,-31.0462553985937
"35",35,34,3.95297769021322,-33.9370223097868
"36",36,46,15.9572107790202,-25.8802892209798
"37",37,40,9.9614438678271,-25.3635561321729
"38",38,38,7.96567695663404,-34.620323043366
"39",39,11,-19.030089954559,-75.237589954559
"40",40,12,-18.0258568657521,-57.3598568657521
"41",41,16,-14.0216237769451,-39.8066237769451
"42",42,29,-1.0173906881382,-33.4023906881382
"43",43,36,5.98684240066875,-29.3971575993313
"44",44,41,10.9910754894757,-33.5049245105243
"45",45,56,25.9953085782826,-22.9906914217174
"46",46,75,44.9995416670896,-7.81295833291043
"47",47,41,11.0037747558965,-29.6912252441035
"48",48,55,25.0080078447034,-24.4894921552966
"49",49,79,49.0122409335104,-13.9837590664896
"51",51,75,45.0207071111243,-2.89429288887573
"52",52,56,26.0249401999312,-11.6300598000688
"53",53,60,30.0291732887382,-1.97832671126185
"54",54,58,28.0334063775451,-2.58659362245491
"55",55,60,30.037639466352,-6.53736053364797
"56",56,42,12.041872555159,-21.173127444841
"57",57,58,28.0461056439659,-7.76139435603409
"58",58,79,49.0503387327729,0.892838732772859
"59",59,40,10.0545718215798,-31.4254281784202
"60",60,37,7.05880491038674,-28.8336950896133
"61",61,19,-10.9369620008063,-38.9769620008063
"62",62,23,-6.93272891199938,-40.1127289119994
"63",63,18,-11.9284958231924,-47.1009958231924
"64",64,26,-3.9242627343855,-40.1675960677188
"65",65,31,1.07997035442144,-38.0740296455785
"66",66,50,20.0842034432284,-23.8217965567716
"67",67,36,6.08843653203532,-27.6655634679647
"68",68,52,22.0926696208423,-11.3853303791577
"69",69,71,41.0969027096492,7.13690270964921
"70",70,28,-1.89886420154385,-33.3028642015439
"71",71,31,1.10536888726309,-26.4526311127369
"72",72,26,-3.89039802392997,-29.01439802393
"73",73,24,-5.88616493512303,-34.702164935123
"74",74,29,-0.881931846316089,-35.1459318463161
"75",75,38,8.12230124249085,-18.7236987575091
"76",76,46,16.1265343312978,-15.8114656687022
"77",77,31,1.13076742010473,-23.5317325798953
"78",78,52,22.1350005089117,-6.56499949108833
"79",79,74,44.1392335977186,11.4832335977186
"80",80,69,39.1434666865256,-2.32253331347444
"81",81,16,-13.8523002246675,-39.0123002246675
"82",82,39,9.15193286413944,-21.3880671358606
"83",83,78,48.1561659529464,8.05416595294638
"84",84,74,44.1603990417533,-4.00960095824668
"85",85,48,18.1646321305603,-21.1913678694397
"86",86,43,13.1688652193672,-21.0811347806328
"87",87,35,5.17309830817414,-27.3169016918259
"88",88,29,-0.822668603018919,-36.5066686030189
"89",89,8,-21.818435514212,-47.326435514212
"90",90,9,-20.814202425405,-49.384202425405
"91",91,11,-18.8099693365981,-47.0159693365981
"92",92,9,-20.8057362477912,-37.6257362477912
"93",93,13,-16.8015031589842,-42.3675031589842
"94",94,11,-18.7972700701773,-48.2072700701773
"95",95,14,-15.7930369813703,-51.7710369813703
"96",96,14,-15.7888038925634,-51.4428038925634
"97",97,20,-9.78457080375645,-35.4485708037565
"98",98,19,-10.7803377149495,-35.6523377149495
"99",99,30,0.223895373857431,-30.6501046261426
"100",100,49,19.2281284626644,-16.9018715373356
"101",101,36,6.23236155147131,-20.0516384485287
"102",102,14,-15.7634053597217,-36.2414053597218
"103",103,18,-11.7591722709148,-44.6271722709148
"104",104,19,-10.7549391821079,-37.6989391821079
"105",105,23,-6.75070609330093,-27.5187060933009
"106",106,20,-9.74647300449399,-33.422473004494
"107",107,18,-11.742239915687,-33.562239915687
"108",108,12,-17.7380068268801,-38.6060068268801
"109",109,12,-17.7337737380732,-41.0437737380732
"110",110,20,-9.72954064926622,-36.1295406492662
"111",111,28,-1.72530756045928,-25.8173075604593
"112",112,29,-0.72107447165234,-27.5110744716523
"113",113,31,1.2831586171546,-20.3308413828454
"114",114,38,8.28739170596154,-17.1366082940385
"115",115,25,-4.70837520523152,-25.0263752052315
"116",116,13,-16.7041421164246,-37.3621421164246
"117",117,19,-10.6999090276176,-31.7019090276176
"118",118,8,-21.6956759388107,-40.1236759388107
"119",119,14,-15.6914428500038,-33.3454428500037
"120",120,31,1.31279023880318,-25.0232097611968
"121",121,26,-3.68297667238987,-28.9989766723899
"122",122,19,-10.6787435835829,-30.7262435835829
"123",123,22,-7.67451049477599,-28.849510494776
"124",124,12,-17.670277405969,-37.4902774059691
"125",125,21,-8.66604431716211,-25.4980443171621
"126",126,18,-11.6618112283552,-29.7998112283552
"127",127,16,-13.6575781395482,-34.2715781395482
"128",128,19,-10.6533450507413,-29.7513450507413
"129",129,22,-7.64911196193435,-27.1531119619343
"130",130,11,-18.6448788731274,-34.4368788731274
"131",131,15,-14.6406457843205,-34.3066457843205
"132",132,19,-10.6364126955135,-31.5844126955135
"133",133,17,-12.6321796067066,-32.7361796067066
"134",134,18,-11.6279465178996,-29.5199465178996
"135",135,16,-13.6237134290927,-31.8397134290927
"136",136,20,-9.61948034028576,-25.2034803402858
"137",137,14,-15.6152472514788,-30.9192472514788
"138",138,22,-7.61101416267188,-27.9870141626719
"139",139,22,-7.60678107386494,-30.7667810738649
"140",140,17,-12.602547985058,-33.464547985058
"141",141,21,-8.59831489625106,-28.4983148962511
"142",142,22,-7.59408180744412,-25.2360818074441
"143",143,17,-12.5898487186372,-30.1278487186372
"144",144,27,-2.58561562983024,-25.7276156298302
"145",145,27,-2.5813825410233,-23.7233825410233
"146",146,17,-12.5771494522164,-31.1391494522164
"147",147,12,-17.5729163634094,-35.0409163634094
"148",148,16,-13.5686832746025,-32.6426832746025
"149",149,18,-11.5644501857955,-30.5084501857955
"150",150,12,-17.5602170969886,-35.3322170969886
"157",157,24,-5.53058547534,-26.94858547534
"160",160,16,-13.5178862089192,-33.4258862089192
"161",161,18,-11.5136531201122,-30.2076531201122
"163",163,26,-3.50518694249836,-24.6211869424984
"169",169,19,-10.4797884096567,-27.1322884096567
"170",170,10,-19.4755553208498,-34.3505553208498
"171",171,9,-20.4713222320428,-37.5413222320428
"172",172,10,-19.4670891432359,-35.8845891432359
"173",173,12,-17.462856054429,-33.838856054429
"174",174,9,-20.458622965622,-36.144622965622
"175",175,12,-17.4543898768151,-33.0683898768151
"176",176,17,-12.4501567880081,-31.3241567880081
"177",177,19,-10.4459236992012,-31.8299236992012
"178",178,21,-8.44169061039425,-26.3376906103943
"179",179,15,-14.4374575215873,-32.0614575215873
"180",180,20,-9.43322443278037,-27.8752244327804
"181",181,22,-7.42899134397343,-26.6389913439734
"182",182,20,-9.42475825516648,-24.9007582551665
"183",183,20,-9.42052516635955,-25.5465251663595
"184",184,24,-5.4162920775526,-20.3502920775526
"185",185,25,-4.41205898874566,-19.4840589887457
"186",186,31,1.59217410006128,-18.1598258999387
"187",187,25,-4.40359281113178,-25.7235928111318
"188",188,22,-7.39935972232484,-25.1853597223248
"189",189,17,-12.3951266335179,-27.6051266335179
"191",191,13,-16.386660455904,-31.211660455904
"192",192,14,-15.3824273670971,-29.4024273670971
"193",193,19,-10.3781942782901,-26.8831942782901
"194",194,13,-16.3739611894832,-32.8889611894832
"195",195,11,-18.3697281006763,-32.8597281006763
"196",196,15,-14.3654950118693,-29.9304950118693
"197",197,20,-9.36126192306237,-25.5462619230624
"198",198,28,-1.35702883425543,-17.9670288342554
"199",199,26,-3.35279574544849,-19.1752957454485
"200",200,24,-5.34856265664155,-23.4010626566415
"201",201,17,-12.3443295678346,-32.0423295678346
"202",202,18,-11.3400964790277,-32.2780964790277
"203",203,22,-7.33586339022073,-27.8178633902207
"204",204,17,-12.3316303014138,-32.4696303014138
"205",205,26,-3.32739721260685,-23.7813972126068
"206",206,23,-6.32316412379991,-27.6431641237999
"207",207,9,-20.318931034993,-39.796931034993
"208",208,12,-17.314697946186,-36.022697946186
"209",209,13,-16.3104648573791,-34.9284648573791
"210",210,13,-16.3062317685721,-35.1822317685721
"211",211,13,-16.3019986797652,-35.3579986797652
"212",212,15,-14.2977655909583,-32.0797655909583
"213",213,21,-8.29353250215132,-30.0175325021513
"214",214,21,-8.28929941334438,-29.4592994133444
"215",215,29,-0.285066324537439,-21.8910663245374
"216",216,38,8.7191667642695,-14.8128332357305
"217",217,21,-8.27660014692356,-28.3026001469236
"218",218,29,-0.272367058116618,-19.0223670581166
"219",219,58,28.7318660306903,6.59386603069033
"220",220,35,5.73609911949726,-13.2139008805027
"221",221,27,-2.25966779169579,-24.8636677916958
"222",222,36,6.74456529711114,-17.4514347028889
"223",223,37,7.74879838591809,-11.9792016140819
"224",224,38,8.75303147472503,-9.30296852527497
"225",225,26,-3.24273543646803,-19.168735436468
"226",226,32,2.76149765233891,-14.7565023476611
"227",227,31,1.76573074114585,-15.5502692588542
"228",228,24,-5.23003617004721,-20.4560361700472
"229",229,32,2.77419691875973,-17.5278030812403
"230",230,27,-2.22156999243333,-20.9075699924333
"231",231,22,-7.21733690362639,-27.8733369036264
"232",232,22,-7.21310381481945,-25.5631038148194
"233",233,25,-4.20887072601251,-23.8628707260125
"234",234,27,-2.20463763720556,-18.9226376372056
"235",235,21,-8.20040454839862,-25.7429045483986
"236",236,23,-6.19617145959168,-28.7986714595917
"237",237,13,-16.1919383707847,-36.0294383707847
"238",238,17,-12.1877052819778,-31.6652052819778
"239",239,18,-11.1834721931709,-32.3954721931709
"240",240,23,-6.17923910436392,-26.9472391043639
"241",241,15,-14.175006015557,-36.689006015557
"242",242,25,-4.17077292675004,-30.28877292675
"243",243,34,4.8334601620569,-19.4245398379431
"244",244,36,6.83769325086384,-17.0303067491362
"245",245,11,-18.1580736603292,-35.5980736603292
"246",246,13,-16.1538405715223,-32.9738405715223
"247",247,13,-16.1496074827153,-33.9616074827153
"248",248,12,-17.1453743939084,-34.0333743939084
"249",249,7,-22.1411413051015,-35.4151413051015
"250",250,9,-20.1369082162945,-36.5769082162945
"251",251,9,-20.1326751274876,-37.7206751274876
"252",252,19,-10.1284420386806,-28.5064420386806
"253",253,17,-12.1242089498737,-30.8322089498737
"254",254,26,-3.11997586106675,-24.6639758610667
"255",255,22,-7.11574277225981,-28.6377427722598
"256",256,18,-11.1115096834529,-34.7255096834529
"257",257,23,-6.10727659464593,-26.5532765946459
"258",258,21,-8.10304350583899,-24.101043505839
"259",259,25,-4.09881041703204,-22.220810417032
"260",260,27,-2.0945773282251,-24.1945773282251
"261",261,13,-16.0903442394182,-37.3383442394182
"262",262,19,-10.0861111506112,-29.1281111506112
"263",263,8,-21.0818780618043,-42.4738780618043
"264",264,15,-14.0776449729973,-36.3816449729973
"265",265,20,-9.0734118841904,-31.4794118841904
"266",266,22,-7.06917879538346,-26.6031787953835
"267",267,18,-11.0649457065765,-30.3269457065765
"268",268,19,-10.0607126177696,-36.0347126177696
"269",269,16,-13.0564795289626,-36.9404795289626
"270",270,11,-18.0522464401557,-37.7342464401557
"271",271,17,-12.0480133513488,-36.8540133513488
"272",272,16,-13.0437802625418,-35.9777802625418
"273",273,24,-5.03954717373487,-27.7835471737349
"274",274,39,9.96468591507207,-17.6713140849279
"275",275,58,28.968919003879,-0.871080996120991
"276",276,41,11.9731520926859,-9.44084790731405
"277",277,26,-3.02261481850711,-18.1926148185071
"278",278,41,11.9816182702998,-8.22638172970017
"279",279,60,30.9858513591068,6.36585135910677
"280",280,39,9.99008444791371,-10.4459155520863
"290",290,21,-7.96758466401688,-38.6035846640169
"291",291,35,6.03664842479006,-32.6153515752099
"293",293,37,8.04511460240394,-34.5968853975961
"294",294,26,-2.95065230878912,-35.8946523087891
"295",295,33,4.05358078001782,-33.2224192199822
"296",296,22,-6.94218613117524,-42.3621861311752
"297",297,41,12.0620469576317,-21.3879530423683
"298",298,35,6.06628004643865,-26.1677199535614
"299",299,34,5.07051313524559,-25.2754868647544
"300",300,53,24.0747462240525,-10.4232537759475
"301",301,56,27.0789793128595,-5.52502068714053
"302",302,83,54.0832124016664,22.0832124016664
"303",303,82,53.0874454904733,24.2914454904734
"305",305,47,18.0959116680872,-11.0220883319128
"306",306,63,34.1001447568942,-0.292355243105831
"318",318,13,-15.8490581774225,-45.6090581774225
"319",319,6,-22.8448250886156,-47.8598250886156
"320",320,21,-7.84059199980866,-45.3480919998087
"321",321,23,-5.83635891100172,-37.0613589110017
"322",322,12,-16.8321258221948,-46.5171258221948
"323",323,13,-15.8278927333878,-51.6653927333878
"324",324,13,-15.8236596445809,-36.6086596445809
"325",325,28,-0.819426555773955,-25.766926555774
"326",326,38,9.18480653303299,-22.887693466967
"327",327,38,9.18903962183993,-29.0959603781601
"328",328,32,3.19327271064687,-51.0692272893531
"336",336,18,-10.7728625788976,-38.3853625788976
"337",337,62,33.2313705099093,0.0588705099093403
"338",338,27,-1.76439640128372,-29.2868964012837
"339",339,31,2.23983668752322,-23.3801633124768
"340",340,14,-14.7559302236698,-46.7234302236698
"341",341,36,7.2483028651371,-25.9716971348629
"342",342,42,13.252535953944,-17.564964046056
"343",343,28,-0.743230957249018,-25.045730957249
"349",349,60,31.2821675755926,-1.51283242440738
"350",350,67,38.2864006643996,1.76890066439957
"351",351,29,0.290633753206507,-44.8868662467935
"352",352,28,-0.705133157986552,-49.1551331579866
"353",353,39,10.2990999308204,-33.8434000691796
"354",354,33,4.30333301962733,-35.3191669803727
"355",355,24,-4.69243389156573,-39.7499338915657
"356",356,16,-12.6882008027588,-45.5232008027588
"357",357,25,-3.68396771395185,-19.9539677139518
"358",358,38,9.32026537485509,-18.9622346251449
"359",359,23,-5.67550153633797,-22.215501536338
"360",360,15,-13.671268447531,-27.198768447531
"361",361,25,-3.66703535872409,-19.5570353587241
"362",362,41,12.3371977300829,-12.6378022699171
"380",380,48.6,20.0133933286078,-8.28910667139221
"381",381,29.6,1.01762641741473,-27.3103735825853
"382",382,42.6,14.0218595062217,-17.2721404937783
"383",383,57.7,29.1260925950286,-9.56990740497139
"384",384,96.6,68.0303256838355,24.7363256838355
"385",385,54.4,25.8345587726425,-26.8694412273575
"386",386,23.3,-5.26120813855056,-60.6592081385506
"387",387,53.3,24.7430249502564,-33.1409750497436
"388",388,57,28.4472580390633,-39.6087419609367
"389",389,40.8,12.2514911278703,-41.4705088721297
"390",390,28.2,-0.344275783322804,-30.3622757833228
"391",391,36,7.45995730548414,-33.4320426945159
"392",392,25.8,-2.73580960570892,-47.9198096057089
"393",393,20.2,-8.33157651690198,-47.365576516902
"394",394,36.4,7.87265657190496,-31.013343428095
"395",395,15.3,-13.2231103392881,-30.2556103392881
"396",396,11.4,-17.1188772504812,-41.2688772504812
"397",397,17.77,-10.7446441616742,-48.0706441616742
"398",398,13.4,-15.1104110728673,-56.4504110728673
"399",399,14.45,-14.0561779840603,-52.0511779840603
"400",400,13.09,-15.4119448952534,-53.3019448952534
"401",401,23.05,-5.44771180644645,-47.2852118064465
"402",402,20.56,-7.93347871763952,-43.2584787176395
"403",403,22.76,-5.72924562883257,-48.3152456288326
"405",405,13.21,-15.2707794512187,-54.6047794512187
"406",406,18.03,-10.4465463624117,-36.2315463624117
"407",407,14.64,-13.8323132736048,-46.2173132736048
"408",408,33.16,4.69191981520213,-30.6920801847979
"409",409,59.89,31.4261529040091,-13.0698470959909
"410",410,47.09,18.630385992816,-30.355614007184
"411",411,39.95,11.494619081623,-41.317880918377
"412",412,21.7,-6.75114782957011,-47.4461478295701
"413",413,35.15,6.70308525923683,-42.7944147407632
"414",414,46.33,17.8873183480438,-45.1086816519562
"415",415,35.7,7.26155143685072,-24.3117818964826
"416",416,28.54,0.105784525657658,-47.8092154743423
"417",417,10.54,-17.8899823855354,-55.5449823855354
"418",418,10.25,-18.1757492967285,-50.1832492967285
"419",419,16.56,-11.8615162079215,-42.4815162079215
"420",420,24.85,-3.56728311911458,-40.1422831191146
"421",421,41.97,13.5569499696924,-19.6580500303076
"422",422,38.59,10.1811830584993,-25.6263169415007
"423",423,53.36,24.9554161473062,-23.2020838526938
"424",424,54.47,26.0696492361132,-15.4103507638868
"425",425,40.28,11.8838823249201,-24.0086176750799
"426",426,24.73,-3.66188458627293,-31.7018845862729
"427",427,31.9,3.512348502534,-29.667651497466
"428",428,35.37,6.98658159134094,-28.1859184086591
"429",429,49.89,21.5108146801479,-14.7325186531854
"430",430,58.26,29.8850477689548,-9.26895223104517
"431",431,33.27,4.89928085776177,-39.0067191422382
"432",432,25.56,-2.80648605343129,-36.5604860534313
"433",433,30.24,1.87774703537565,-31.6002529646244
"434",434,30.51,2.15198012418259,-31.8080198758174
"435",435,40.42,12.0662132129895,-19.3377867870105
"436",436,34.33,5.98044630179647,-21.5775536982035
"437",437,31.3,2.95467939060341,-22.1693206093966
"438",438,35.21,6.86891247941035,-21.9470875205896
"439",439,38.91,10.5731455682173,-23.6908544317827
"440",440,22.47,-5.86262134297576,-32.7086213429758
"441",441,41.26,12.9316117458312,-19.0063882541688
"443",443,50.94,22.6200779234451,-6.07992207655494
"444",444,26.03,-2.285688987748,-34.941688987748
"445",445,24.38,-3.93145589894106,-45.3974558989411
"446",446,20.67,-7.63722281013412,-32.7972228101341
"447",447,16.43,-11.8729897213272,-42.4129897213272
"448",448,25.11,-3.18875663252024,-43.2907566325202
"449",449,36.36,8.0654764562867,-40.1045235437133
"450",450,57.23,28.9397095450936,-10.4162904549064
"451",451,29.45,1.16394263390058,-33.0860573660994
"452",452,43.23,14.9481757227075,-17.5418242772925
"453",453,20.38,-7.89759118848553,-43.5815911884855
"454",454,18.86,-9.41335809967859,-34.9213580996786
"455",455,25.27,-2.99912501087165,-31.5691250108717
"456",456,28.33,0.0651080779352853,-28.1408919220647
"457",457,20.78,-7.48065883325777,-24.3006588332578
"458",458,32.9,4.64357425554917,-20.9224257444508
"459",459,35.64,7.38780734435611,-22.0221926556439
"460",460,52.9,24.6520404331631,-11.3259595668369
"461",461,74.66,46.41627352197,10.76227352197
"462",462,37.49,9.25050661077693,-16.4134933892231
"463",463,21.9,-6.33526030041613,-31.2072603004161
"464",464,23.93,-4.30102721160918,-35.1750272116092
"465",465,27.51,-0.716794122802245,-36.8467941228023
"466",466,24.48,-3.7425610339953,-30.0265610339953
"467",467,33.06,4.84167205481164,-15.6363279451884
"468",468,71.35,43.1359051436186,10.2679051436186
"469",469,48.84,20.6301382324255,-6.31386176757448
"470",470,25.08,-3.12562867876754,-23.8936286787675
"471",471,25.4,-2.8013955899606,-26.4773955899606
"472",472,20.15,-8.04716250115366,-29.8671625011537
"473",473,16.72,-11.4729294123467,-32.3409294123467
"474",474,20.4,-7.78869632353978,-31.0986963235398
"475",475,25.64,-2.54446323473284,-28.9444632347328
"476",476,18.76,-9.4202301459259,-33.5122301459259
"477",477,34.58,6.40400294288104,-20.385997057119
"478",478,27.74,-0.431763968312016,-22.045763968312
"479",479,32.85,4.68246912049493,-20.7415308795051
"480",480,11.93,-16.2332977906981,-36.5512977906981
"481",481,17.38,-10.7790647018912,-31.4370647018912
"482",482,18.87,-9.28483161308425,-30.2868316130842
"483",483,24.37,-3.78059852427731,-22.2085985242773
"484",484,21.84,-6.30636543547037,-23.9603654354704
"485",485,25.25,-2.89213234666343,-29.2281323466634
"486",486,23.41,-4.72789925785649,-30.0438992578565
"487",487,19.01,-9.12366616904955,-29.1711661690495
"488",488,18.09,-10.0394330802426,-31.2144330802426
"489",489,22.31,-5.81519999143567,-25.6351999914357
"490",490,13.07,-15.0509669026287,-31.8829669026287
"491",491,17.82,-10.2967338138218,-28.4347338138218
"492",492,28.31,0.197499274985155,-20.4165007250148
"493",493,23.51,-4.5982676362079,-23.6962676362079
"494",494,15.69,-12.414034547401,-31.918034547401
"495",495,11.09,-17.009801458594,-32.801801458594
"496",496,17.43,-10.6655683697871,-30.3315683697871
"497",497,20.75,-7.34133528098014,-28.2893352809801
"498",498,19.62,-8.4671021921732,-28.5711021921732
"499",499,20.48,-7.60286910336626,-25.4948691033663
"500",500,17.32,-10.7586360145593,-28.9746360145593
"501",501,9.8,-18.2744029257524,-33.8584029257524
"502",502,10.68,-17.3901698369454,-32.6941698369454
"503",503,9.87,-18.1959367481385,-38.5719367481385
"504",504,19.26,-8.80170365933155,-31.9617036593316
"505",505,25.3,-2.75747057052461,-23.6194705705246
"506",506,27.99,-0.0632374817176746,-19.9632374817177
"507",507,19.57,-8.47900439291073,-26.1210043929107
"508",508,21.57,-6.47477130410379,-24.0127713041038
"509",509,24.15,-3.89053821529685,-27.0325382152968
"510",510,26.94,-1.09630512648991,-22.2383051264899
"511",511,18.83,-9.20207203768297,-27.764072037683
"512",512,21.89,-6.13783894887603,-23.605838948876
"513",513,23.03,-4.99360586006908,-24.0676058600691
"514",514,23.71,-4.30937277126215,-23.2533727712621
"515",515,14.09,-13.9251396824552,-31.6971396824552
"516",516,20.94,-7.07090659364826,-29.5959065936483
"517",517,22.25,-5.75667350484132,-26.3791735048413
"518",518,13.68,-14.3224404160344,-33.8299404160344
"519",519,12.28,-15.7182073272274,-32.1007073272274
"520",520,19.23,-8.7639742384205,-28.9289742384205
"521",521,21.81,-6.17974114961356,-29.1147411496136
"522",522,23.33,-4.65550806080662,-26.0735080608066
"523",523,14.08,-13.9012749719997,-30.3137749719997
"524",524,18.25,-9.72704188319274,-25.8470418831927
"525",525,25.43,-2.5428087943858,-22.4508087943858
"526",526,13.84,-14.1285757055789,-32.8225757055789
"527",527,19.68,-8.28434261677192,-27.9593426167719
"528",528,13.41,-14.550109527965,-35.666109527965
"529",529,20.32,-7.63587643915804,-29.418376439158
"530",530,17.76,-10.1916433503511,-26.8266433503511
"531",531,18.45,-9.49741026154415,-26.7624102615442
"532",532,16.55,-11.3931771727372,-31.9706771727372
"538",538,20.89,-7.02777863989557,-23.4037786398956
"539",539,24.17,-3.74354555108863,-19.4295455510886
"540",540,26.89,-1.01931246228169,-16.6333124622817
"541",541,35.6,7.69492062652526,-11.1790793734747
"542",542,42.79,14.8891537153322,-6.4948462846678
"543",543,15.48,-12.4166131958609,-30.3126131958609
"544",544,20.79,-7.10238010705392,-24.7263801070539
"545",545,17.38,-10.508147018247,-28.950147018247
"546",546,19.98,-7.90391392944004,-27.11391392944
"547",547,18.47,-9.4096808406331,-24.8856808406331
"548",548,19.88,-7.99544775182616,-24.1214477518262
"549",549,14.25,-13.6212146630192,-28.5552146630192
"550",550,11.17,-16.6969815742123,-31.7689815742123
"551",551,13.33,-14.5327484854053,-34.2847484854053
"552",552,17.95,-9.9085153965984,-31.2285153965984
"553",553,14.25,-13.6042823077915,-31.3902823077915
"554",554,11.82,-16.0300492189845,-31.2400492189845
"555",555,17.77,-10.0758161301776,-27.7733161301776
"566",566,19.2,-8.59925215330123,-28.2972521533012
"567",567,12.2,-15.5950190644943,-36.5330190644943
"568",568,22.48,-5.31078597568735,-25.7927859756873
"569",569,21.37,-6.4165528868804,-26.5545528868804
"570",570,22.08,-5.70231979807346,-26.1563197980735
"571",571,27.39,-0.388086709266521,-21.7080867092665
"572",572,26.92,-0.853853620459581,-20.3318536204596
"573",573,28.47,0.700379468347357,-18.0076205316526
"574",574,27.32,-0.4453874428457,-19.0633874428457
"575",575,23.61,-4.15115435403876,-23.0271543540388
"576",576,24.73,-3.02692126523182,-22.0829212652318
"577",577,14.18,-13.5726881764249,-31.3546881764249
"578",578,15.73,-12.0184550876179,-33.7424550876179
"579",579,10.83,-16.914221998811,-38.084221998811
"580",580,16.44,-11.2999889100041,-32.9059889100041
"581",581,15.13,-12.6057558211971,-36.1377558211971
"582",582,19.07,-8.66152273239017,-28.6875227323902
"583",583,15.86,-11.8672896435832,-30.6172896435832
"584",584,11.05,-16.6730565547763,-38.8110565547763
"585",585,10.9,-16.8188234659694,-35.7688234659693
"586",586,23.3,-4.41459037716241,-27.0185903771624
"587",587,18.02,-9.69035728835547,-33.8863572883555
"588",588,13.69,-14.0161241995485,-33.7441241995485
"589",589,12.38,-15.3218911107416,-33.3778911107416
"590",590,16.76,-10.9376580219346,-26.8636580219346
"591",591,11.91,-15.7834249331277,-33.3014249331277
"592",592,12.37,-15.3191918443208,-32.6351918443208
"593",593,9.67,-18.0149587555138,-33.2409587555138
"594",594,15.83,-11.8507256667069,-32.1527256667069
"595",595,15.75,-11.9264925778999,-30.6124925778999
"596",596,18.79,-8.882259489093,-29.538259489093
"597",597,27.46,-0.208026400286062,-18.5580264002861
"598",598,23.4,-4.26379331147912,-23.9177933114791
"599",599,14.34,-13.3195602226722,-30.0375602226722
"600",600,13.31,-14.3453271338652,-31.8878271338652
"601",601,19.3,-8.3510940450583,-30.9535940450583
"602",602,17.29,-10.3568609562514,-30.1943609562514
"603",603,16.54,-11.1026278674444,-30.5801278674444
"604",604,21,-6.63839477863748,-27.8503947786375
"605",605,20.42,-7.21416168983053,-27.9821616898305
"606",606,28.08,0.450071398976405,-22.0639286010236
"607",607,30.7,3.07430448778334,-23.0436955122167
"608",608,12.84,-14.7814624234097,-39.0394624234097
"609",609,25.29,-2.32722933460277,-26.1952293346028
"610",610,26.18,-1.43299624579583,-18.8729962457958
"611",611,28.93,1.32123684301111,-15.4987631569889
"612",612,28.28,0.67546993181805,-17.136530068182
"613",613,21.17,-6.43029697937501,-23.318296979375
"614",614,5.57,-22.0260638905681,-35.3000638905681
"615",615,11.45,-16.1418308017611,-32.5818308017611
"616",616,23.26,-4.32759771295418,-21.9155977129542
"617",617,29.43,1.84663537585275,-16.5313646241472
"618",618,27.98,0.400868464659695,-18.3071315353403
"619",619,31.79,4.21510155346663,-17.3288984465334
"620",620,31.81,4.23933464227358,-17.2826653577264
"621",621,38.6,11.0335677310805,-12.5804322689195
"622",622,37.22,9.65780081988746,-10.7881991801125
"623",623,22.74,-4.8179660913056,-20.8159660913056
"624",624,23.48,-4.07373300249866,-22.1957330024987
"625",625,36.87,9.32050008630828,-12.7794999136917
"626",626,33.65,6.10473317511522,-15.1432668248848
"627",627,20.57,-6.97103373607784,-26.0130337360778
"628",628,24.18,-3.3568006472709,-24.7488006472709
"629",629,20.11,-7.42256755846396,-29.726567558464
"630",630,21.34,-6.18833446965701,-28.594334469657
"631",631,26.73,-0.794101380850076,-20.3281013808501
"632",632,32.23,4.71013170795686,-14.5518682920431
"633",633,37.71,10.1943647967638,-15.7796352032362
"634",634,31.39,3.87859788557075,-20.0054021144293
"635",635,21.2,-6.30716902562231,-25.9891690256223
"636",636,34.49,6.98706406318463,-17.8189359368154
"637",637,35.26,7.76129715199157,-15.1727028480084
"638",638,18.54,-8.95446975920149,-31.6984697592015
"639",639,20.76,-6.73023667039455,-34.3662366703945
"640",640,25.51,-1.97600358158761,-31.8160035815876
"641",641,13.14,-14.3417704927807,-35.7557704927807
"642",642,10.59,-16.8875374039737,-32.0575374039737
"643",643,8.28,-19.1933043151668,-39.4013043151668
"644",644,7.35,-20.1190712263598,-44.7390712263598
"645",645,6.4,-21.0648381375529,-41.5008381375529
"646",646,23.98,-3.48060504874596,-27.685605048746
"647",647,16.59,-10.866371959939,-27.086371959939
"648",648,12.27,-15.1821388711321,-34.6271388711321
"649",649,11.93,-15.5179057823251,-36.9154057823251
"650",650,22.14,-5.3036726935182,-30.3386726935182
"651",651,9.81,-17.6294396047113,-39.9769396047113
"652",652,17.77,-9.66520651590432,-36.0652065159043
"653",653,26.17,-1.26097342709738,-30.5884734270974
"654",654,26.25,-1.17674033829044,-32.9567403382904
"655",655,27.85,0.427492750516507,-30.2085072494835
"656",656,28.22,0.801725839323442,-37.8502741606766
"657",657,36.38,8.96595892813039,-40.9915410718696
"658",658,24.46,-2.94980798306267,-45.5918079830627
"659",659,25.53,-1.87557489425573,-34.8195748942557
"660",660,32.17,4.76865819455121,-32.5073418054488
"661",661,46.32,18.9228912833581,-16.4971087166419
"662",662,34.7,7.30712437216509,-26.1428756278349
"663",663,42.54,15.151357460972,-17.082642539028
"664",664,36.07,8.68559054977897,-21.660409450221
"665",665,38.71,11.3298236385859,-23.1681763614141
"666",666,51.44,24.0640567273928,-8.53994327260715
"667",667,34.1,6.72828981619979,-25.2717101838002
"668",668,13.64,-13.7274770949933,-42.5234770949933
"669",669,13.69,-13.6732440061863,-35.5682440061863
"670",670,23.73,-3.62901091737939,-32.7470109173794
"671",671,18.21,-9.14477782857244,-43.5372778285724
"672",672,10.17,-17.1805447397655,-40.7938780730988
"673",673,14.8,-12.5463116509586,-36.7096449842919
"674",674,31.1,3.75792143784838,-29.2487452288183
"675",675,34.9,7.56215452665532,-27.581178806678
"676",676,31.08,3.74638761546226,-25.2136123845377
"677",677,25.06,-2.2693792957308,-34.9993792957308
"678",678,43.14,15.8148537930761,-34.9751462069239
"679",679,58.58,31.2590868818831,-32.5442464514502
"680",680,83.73,56.41331997069,-2.50668002930998
"681",681,61.72,34.407553059497,-21.052446940503
"682",682,34.32,7.01178614830391,-27.9232138516961
"683",683,52.94,25.6360192371108,-4.12398076288915
"684",684,41.46,14.1602523259178,-10.8547476740822
"685",685,42.16,14.8644854147247,-22.6430145852753
"686",686,18.91,-8.38128149646833,-39.6062814964683
"687",687,17.8,-9.48704840766139,-39.1720484076614
"688",688,26.36,-0.92281531885445,-36.7603153188545
"689",689,25.39,-1.88858223004751,-22.6735822300475
"690",690,29.11,1.83565085875943,-23.1118491412406
"691",691,32.47,5.19988394756637,-26.8726160524336
"692",692,42.87,15.6041170363733,-22.6808829636267
"693",693,70.31,43.0483501251803,-11.2141498748197
"694",694,64.03,36.7725832139872,-14.4740834526795
"695",695,38.78,11.5268163027941,-25.8465170305392
"696",696,48.63,21.3810493916011,-16.8989506083989
"697",697,15.17,-12.074717519592,-34.164717519592
"698",698,10.72,-16.520484430785,-39.390484430785
"699",699,20.53,-6.7062513419781,-43.8962513419781
"700",700,21.57,-5.66201825317116,-39.4086849198378
"701",701,9.71,-17.5177851643642,-45.1302851643642
"702",702,8.32,-18.9035520755573,-52.0760520755573
"703",703,25.35,-1.86931898675034,-29.3918189867503
"704",704,41.41,14.1949141020566,-11.4250858979434
"705",705,58.95,31.7391471908635,-0.228352809136457
"706",706,37.91,10.7033802796705,-22.5166197203295
"707",707,38.19,10.9876133684774,-19.8298866315226
"708",708,36.53,9.33184645728437,-14.9706535427156
"709",709,19.97,-7.2239204539087,-22.8739204539087
"710",710,17.62,-9.56968736510175,-23.4730206984351
"711",711,16.17,-11.0154542762948,-25.8654542762948
"712",712,25.14,-2.04122118748787,-24.9378878541545
"713",713,63.35,36.1730119013191,-6.45032143201426
"714",714,28.52,1.34724499012601,-31.447755009874
"715",715,22.56,-4.60852192106705,-41.126021921067
"716",716,69.41,42.2457111677399,-2.93178883226012
"717",717,89.65,62.4899442565468,14.0399442565468
"718",718,50.78,23.6241773453538,-20.5183226546462
"719",719,38.12,10.9684104341607,-28.6540895658393
"720",720,43.72,16.5726435229677,-18.4848564770323
"721",721,66.2,39.0568766117746,6.2218766117746
"723",723,46.92,19.7853427893885,-8.49715721061152
"724",724,28.07,0.939575878195416,-15.6004241218046
"725",725,10.54,-16.5861910329976,-30.1136910329976
"726",726,3.38,-23.7419579441907,-39.6319579441907
"727",727,13.2,-13.9177248553838,-38.8927248553838
"728",728,19.18,-7.93349176657682,-25.0868250999102
"729",729,66.42,39.3107413222301,4.97074132223012
"730",730,78.98,51.8749744110371,15.9749744110371
"732",732,86.89,59.7934405886509,22.3534405886509
"733",733,31.15,4.05767367745788,-15.4698263225421
"734",734,12.84,-14.2480932337352,-24.9930932337352
"735",735,7.19,-19.8938601449282,-31.7713601449282
"736",736,11.09,-15.9896270561213,-34.3396270561213
"737",737,14.17,-12.9053939673144,-43.5678939673144
"738",738,45.36,18.2888391214926,-14.6161608785074
"739",739,86.57,59.5030722102995,26.0255722102995
"742",742,43.7,16.6457714767204,-13.4242285232796
"743",743,22.89,-4.15999543447271,-26.3674954344727
"744",744,15.34,-11.7057623456658,-26.4832623456658
"745",745,23.22,-3.82152925685883,-32.1240292568588
"746",746,16.91,-10.1272961680519,-38.4552961680519
"747",747,29.43,2.39693692075506,-28.8970630792449
"748",748,51.59,24.561170009562,-14.134829990438
"749",749,59.16,32.1354030983689,-11.1585969016311
"750",750,67.84,40.8196361871759,-11.8843638128241
"751",751,75.58,48.5638692759828,-6.83413072401718
"752",752,53.93,26.9181023647898,-30.9658976352102
"753",753,89.67,62.6623354535967,-5.3936645464033
"754",754,69.15,42.1465685424036,-11.5754314575964
"755",755,47.54,20.5408016312106,-9.47719836878942
"756",756,62.23,35.2350347200175,-5.65696527998248
"757",757,88.89,61.8992678088245,16.7152678088245
"758",758,88.31,61.3235008976314,22.2895008976314
"759",759,86.85,59.8677339864383,20.9817339864383
"762",762,44.47,17.5004332528592,-19.8255667471408
"763",763,80.3,53.3346663416661,11.9946663416661
"764",764,61.86,34.8988994304731,-3.09610056952695
"765",765,75.22,48.26313251928,10.37313251928
"766",766,74.49,47.5373656080869,5.69986560808693
"767",767,52.08,25.1315986968939,-10.1934013031061
"768",768,54.36,27.4158317857008,-15.1701682142992
"769",769,74.05,47.1100648745077,-9.09743512549225
"770",770,53.83,26.8942979633147,-12.4397020366853
"771",771,51.29,24.3585310521216,-1.42646894787837
"772",772,67.29,40.3627641409286,7.97776414092858
"773",773,50.63,23.7069972297355,-11.6770027702645
"774",774,65.8,38.8812303185424,-5.61476968145755
"775",775,78.03,51.1154634073494,2.12946340734939
"779",779,68.77,41.8723957625772,-21.1236042374228
"780",780,24.8,-2.0933711486159,-33.6667044819492
"781",781,36.03,9.14086194019104,-38.774138059809
"782",782,31.3,4.41509502899799,-33.239904971002
"783",783,8.79,-18.0906718821951,-50.0981718821951
"784",784,14.49,-12.3864387933881,-43.0064387933881
"785",785,11.69,-15.1822057045812,-51.7572057045812
"786",786,9.39,-17.4779726157743,-50.6929726157743
"787",787,22.26,-4.60373952696731,-40.4112395269673
"788",788,20.02,-6.83950643816037,-54.9970064381604
"789",789,31.65,4.79472665064657,-36.6852733493534
"790",790,30.33,3.47895973945351,-32.4135402605465
"791",791,17.73,-9.11680717173955,-37.1568071717395
"792",792,12.97,-13.8725740829326,-47.0525740829326
"793",793,23.69,-3.14834099412567,-38.3208409941257
"794",794,32.84,6.00589209468128,-30.2374412386521
"795",795,17.87,-8.95987481651179,-48.1138748165118
"796",796,35,8.17435827229516,-35.7316417277048
"797",797,32.35,5.52859136110209,-28.2254086388979
"798",798,36.12,9.30282444990903,-24.175175550091
"799",799,33.93,7.11705753871598,-26.842942461284
"800",800,30.31,3.50129062752292,-27.9027093724771
"801",801,22.54,-4.26447628367014,-31.8224762836701
"802",802,27.48,0.679756805136797,-24.4442431948632
"803",803,50.04,23.2439898939437,-5.57201010605626
"804",804,79.55,52.7582229827507,18.4942229827507
"805",805,31.96,5.17245607155762,-21.6735439284424
"806",806,34.24,7.45668916036456,-24.4813108396354
"807",807,41.73,14.9509222491715,-9.7115777508285
"808",808,10.88,-15.8948446620216,-44.5948446620216
"809",809,10.22,-16.5506115732146,-49.2066115732146
"810",810,25.51,-1.25637848440767,-42.7223784844077
"811",811,21.4,-5.36214539560073,-30.5221453956007
"812",812,14.91,-11.8479123067938,-42.3879123067938
"813",813,31.37,4.61632078201315,-35.4856792179868
"814",814,52.26,25.5105538708201,-22.6594461291799
"815",815,34.4,7.65478695962703,-31.701213040373
"816",816,34.06,7.31902004843397,-26.930979951566
"817",817,44.98,18.2432531372409,-14.2467468627591
"818",818,55.86,29.1274862260478,-6.55651377395215
"819",819,33.33,6.60171931485479,-18.9062806851452
"820",820,32.35,5.62595240366173,-22.9440475963383
"821",821,32.13,5.41018549246867,-22.7958145075313
"822",822,25.22,-1.49558141872439,-18.3155814187244
"823",823,23.4,-3.31134832991745,-28.8773483299174
"824",824,28.18,1.4728847588895,-27.9371152411105
"825",825,43.65,16.9471178476964,-19.0308821523036
"826",826,42.51,15.8113509365034,-19.8426490634966
"827",827,12.08,-14.6144159746897,-40.2784159746897
"828",828,9.13,-17.5601828858827,-42.4321828858827
"829",829,20.75,-5.9359497970758,-36.8099497970758
"830",830,28.39,1.70828329173114,-34.4217167082689
"831",831,24.59,-2.08748361946192,-28.3714836194619
"832",832,13.38,-13.293250530655,-33.771250530655
"833",833,19.96,-6.70901744184804,-39.577017441848
"834",834,12.62,-14.0447843530411,-40.9887843530411
"835",835,17.53,-9.13055126423416,-29.8985512642342
"836",836,19.67,-6.98631817542721,-30.6623181754272
"837",837,13,-13.6520850866203,-35.4720850866203
"838",838,13.11,-13.5378519978133,-34.4058519978133
"839",839,16.65,-9.99361890900639,-33.3036189090064
"840",840,14.88,-11.7593858201994,-38.1593858201994
"841",841,21.04,-5.59515273139251,-29.6871527313925
"842",842,25.59,-1.04091964258557,-27.8309196425856
"843",843,13.06,-13.5666865537786,-35.1806865537786
"844",844,9.34,-17.2824534649717,-42.7064534649717
"845",845,17.46,-9.15822037616475,-29.4762203761648
"846",846,20.31,-6.30398728735781,-26.9619872873578
"847",847,14.79,-11.8197541985509,-32.8217541985509
"848",848,23.99,-2.61552110974393,-21.0435211097439
"849",849,17.18,-9.42128802093698,-27.075288020937
"850",850,26.68,0.0829450678699573,-26.25305493213
"851",851,18.15,-8.44282184332311,-33.7588218433231
"855",855,19.17,-7.40588948809534,-24.2378894880953
"856",856,31.84,5.2683436007116,-12.8696563992884
"857",857,28.71,2.14257668951854,-18.4714233104815
"858",858,16.65,-9.91319022167452,-29.0111902216745
"859",859,12.33,-14.2289571328676,-33.7329571328676
"860",860,10.33,-16.2247240440606,-32.0167240440606
"861",861,19.82,-6.7304909552537,-26.3964909552537
"862",862,20.02,-6.52625786644676,-27.4742578664468
"863",863,25.64,-0.902024777639813,-21.0060247776398
"864",864,20.5,-6.03779168883287,-23.9297916888329
"865",865,21.18,-5.35355860002593,-23.5695586000259
"866",866,18.83,-7.69932551121899,-23.283325511219
"867",867,18.59,-7.93509242241205,-23.239092422412
"868",868,26.8,0.279140666394891,-20.0968593336051
"869",869,26.98,0.463373755201832,-22.6966262447982
"870",870,26.62,0.107606844008771,-20.7543931559912
"871",871,15.34,-11.1681600671843,-31.0681600671843
"872",872,13.61,-12.8939269783773,-30.5359269783773
"873",873,18.12,-8.3796938895704,-25.9176938895704
"874",874,31.92,5.42453919923653,-17.7174608007635
"875",875,15.52,-10.9712277119565,-32.1132277119565
"876",876,16.33,-10.1569946231496,-28.7189946231496
"877",877,14.84,-11.6427615343426,-29.1107615343426
"878",878,14.35,-12.1285284455357,-31.2025284455357
"879",879,15.26,-11.2142953567288,-30.1582953567288
"880",880,21.57,-4.90006226792182,-22.6720622679218
"881",881,28.11,1.64417082088512,-20.8808291791149
"882",882,15.2,-11.2615960903079,-31.8840960903079
"883",883,17.88,-8.577363001501,-28.084863001501
"884",884,17.94,-8.51312991269406,-24.8956299126941
"885",885,19.65,-6.79889682388712,-26.9638968238871
"886",886,20.16,-6.28466373508018,-29.2196637350802
"887",887,14.74,-11.7004306462732,-33.1184306462732
"888",888,16.88,-9.55619755746629,-25.9686975574663
"889",889,10.54,-15.8919644686594,-32.0119644686594
"890",890,15.47,-10.9577313798524,-30.8657313798524
"891",891,17.46,-8.96349829104547,-27.6574982910455
"892",892,12.93,-13.4892652022385,-33.1642652022385
"893",893,17,-9.41503211343159,-30.5310321134316
"894",894,19.25,-7.16079902462465,-28.9432990246247
"895",895,15.95,-10.4565659358177,-27.0915659358177
"896",896,13.5,-12.9023328470108,-30.1673328470108
"897",897,14.78,-11.6180997582038,-32.1955997582038
"898",898,11.69,-14.7038666693969,-30.8472000027302
"899",899,12.03,-14.3596335805899,-31.0121335805899
"900",900,15.08,-11.305400491783,-26.180400491783
"901",901,18.69,-7.69116740297606,-24.7611674029761
"902",902,19.92,-6.45693431416912,-22.8744343141691
"903",903,14.1,-12.2727012253622,-28.6487012253622
"904",904,24.61,-1.75846813655524,-17.4444681365552
"905",905,18.97,-7.3942350477483,-23.0082350477483
"906",906,18.97,-7.39000195894136,-26.2640019589414
"907",907,14.29,-12.0657688701344,-33.4497688701344
"908",908,11.68,-14.6715357813275,-32.5675357813275
"909",909,15.02,-11.3273026925205,-28.9513026925205
"910",910,22.24,-4.1030696037136,-22.5450696037136
"911",911,16.66,-9.67883651490666,-28.8888365149067
"912",912,13.52,-12.8146034260997,-28.2906034260997
"913",913,9.75,-16.5803703372928,-32.7063703372928
"914",914,10.44,-15.8861372484858,-30.8201372484858
"915",915,12.34,-13.9819041596789,-29.0539041596789
"916",916,13.64,-12.677671070872,-32.429671070872
"917",917,18.29,-8.02343798206501,-29.343437982065
"918",918,12.11,-14.1992048932581,-31.9852048932581
"919",919,19.25,-7.05497180445113,-22.2649718044511
"920",920,21.23,-5.07073871564419,-22.7682387156442
"921",921,19.07,-7.22650562683725,-22.0515056268372
"922",922,16.53,-9.76227253803031,-23.7822725380303
"923",923,18.11,-8.17803944922337,-24.6830394492234
"924",924,16.08,-10.2038063604164,-26.7188063604164
"925",925,12.78,-13.4995732716095,-27.9895732716095
"926",926,16.86,-9.41534018280255,-24.9803401828025
"927",927,16.14,-10.1311070939956,-26.3161070939956
"928",928,11.01,-15.2568740051887,-31.8668740051887
"929",929,11.25,-15.0126409163817,-30.8351409163817
"930",930,14.33,-11.9284078275748,-29.9809078275748
"931",931,21.13,-5.12417473876784,-24.8221747387678
"932",932,30.03,3.7800583500391,-17.1579416499609
"933",933,16.45,-9.79570856115396,-30.277708561154
"934",934,21.96,-4.28147547234702,-24.419475472347
"935",935,14.21,-12.0272423835401,-32.4812423835401
"936",936,15.42,-10.8130092947331,-32.1330092947331
"937",937,11.13,-15.0987762059262,-34.5767762059262
"938",938,13.52,-12.7045431171193,-31.4125431171193
"939",939,11.87,-14.3503100283123,-32.9683100283123
"940",940,17.93,-8.28607693950537,-27.1620769395054
"941",941,18.63,-7.58184385069843,-26.6378438506984
"942",942,19.84,-6.36761076189149,-24.1496107618915
"943",943,22.98,-3.22337767308455,-24.9473776730846
"944",944,33.71,7.51085541572239,-13.6591445842776
"945",945,20.08,-6.11491149547067,-27.7209114954707
"946",946,22.92,-3.27067840666373,-26.8026784066637
"947",947,23.05,-3.13644531785679,-23.1624453178568
"948",948,22.49,-3.69221222904985,-22.4422122290499
"949",949,10.28,-15.8979791402429,-38.0359791402429
"950",950,15.85,-10.323746051436,-29.273746051436
"951",951,20.82,-5.34951296262902,-27.953512962629
"952",952,21.44,-4.72527987382209,-28.9212798738221
"953",953,22.05,-4.11104678501514,-23.8390467850151
"954",954,16.42,-9.7368136962082,-27.7928136962082
"955",955,9.75,-16.4025806074013,-32.3285806074013
"956",956,11.23,-14.9183475185943,-32.4363475185943
"957",957,13.95,-12.1941144297874,-29.5101144297874
"958",958,15.24,-10.8998813409804,-26.1258813409804
"959",959,22.2,-3.9356482521735,-24.2376482521735
"960",960,15.76,-10.3714151633666,-29.0574151633666
"961",961,24.76,-1.36718207455962,-22.0231820745596
"962",962,11.16,-14.9629489857527,-33.3129489857527
"963",963,12.66,-13.4587158969457,-33.1127158969457
"964",964,11.43,-14.6844828081388,-31.4024828081388
"965",965,11.72,-14.3902497193319,-31.9327497193319
"966",966,16.54,-9.56601663052491,-32.1685166305249
"967",967,25.52,-0.581783541717972,-20.419283541718
"968",968,29.6,3.50244954708897,-15.975050452911
"969",969,31.38,5.28668263589591,-15.9253173641041
"970",970,20.4,-5.68908427529715,-26.4570842752972
"971",971,18.56,-7.52485118649021,-30.0388511864902
"972",972,22.85,-3.23061809768327,-29.3486180976833
"973",973,24.4,-1.67638500887633,-25.9343850088763
"974",974,21.7,-4.37215192006939,-28.2401519200694
"975",975,7.21,-18.8579188312624,-36.2979188312625
"976",976,9.82,-16.2436857424555,-33.0636857424555
"977",977,9.55,-16.5094526536486,-34.3214526536486
"978",978,12.8,-13.2552195648416,-30.1432195648416
"979",979,14.46,-11.5909864760347,-24.8649864760347
"980",980,20.86,-5.18675338722774,-21.6267533872277
"981",981,11.4,-14.6425202984208,-32.2305202984208
"982",982,20.03,-6.00828720961386,-24.3862872096139
"983",983,18.91,-7.12405412080692,-25.8320541208069
"984",984,12.76,-13.269821032,-34.813821032
"985",985,12.41,-13.615587943193,-35.137587943193
"986",986,16.26,-9.7613548543861,-33.3753548543861
"987",987,11.99,-14.0271217655792,-34.4731217655792
"988",988,6.84,-19.1728886767722,-35.1708886767722
"989",989,12.63,-13.3786555879653,-31.5006555879653
"990",990,19.17,-6.83442249915833,-28.9344224991583
"991",991,23.63,-2.3701894103514,-23.6181894103514
"992",992,16.13,-9.86595632154446,-28.9079563215445
"993",993,28.36,2.36827676726249,-19.0237232327375
"994",994,25.75,-0.237490143930572,-22.5414901439306
"995",995,16.99,-8.99325705512363,-31.3992570551236
"996",996,20.77,-5.20902396631669,-24.7430239663167
"997",997,16.01,-9.96479087750975,-29.2267908775097
"998",998,19.86,-6.11055778870281,-32.0845577887028
"999",999,18.45,-7.51632469989587,-31.4003246998959
"1000",1000,31.19,5.22790838891108,-14.4540916110889
"1001",1001,41.7,15.742141477718,-9.06385852228199
"1002",1002,34.26,8.30637456652495,-14.627625433475
"1003",1003,38.03,12.0806076553319,-10.6633923446681
"1004",1004,39.85,13.9048407441388,-13.7311592558612
"1005",1005,34.51,8.56907383294578,-21.2709261670542
"1006",1006,33.6,7.66330692175272,-13.7506930782473
"1007",1007,17.4,-8.53245998944034,-23.7024599894403
"1008",1008,17.6,-8.3282269006334,-28.5362269006334
"1009",1009,14.3,-11.6239938118265,-36.2439938118265
"1010",1010,9.41,-16.5097607230195,-36.9457607230195
"1011",1011,11.89,-14.0255276342126,-38.2305276342126
"1012",1012,8.39,-17.5212945454056,-33.7412945454056
"1013",1013,11.8,-14.1070614565987,-33.5520614565987
"1014",1014,17.63,-8.27282836779176,-29.6703283677918
"1015",1015,20.74,-5.15859527898482,-30.1935952789848
"1016",1016,17.84,-8.05436219017787,-30.4018621901779
"1017",1017,26.25,0.359870898629065,-26.0401291013709
"1018",1018,27.27,1.38410398743601,-27.943396012564
"1019",1019,24.9,-0.981662923757053,-32.7616629237571
"1020",1020,34.86,8.98257016504989,-21.6534298349501
"1021",1021,52.02,26.1468032538568,-12.5051967461432
"1022",1022,57.08,31.2110363426638,-18.7464636573362
"1023",1023,64.28,38.4152694314707,-4.22673056852929
"1024",1024,64.71,38.8495025202776,5.90550252027764
"1025",1025,45.58,19.7237356090846,-17.5522643909154
"1026",1026,32.14,6.28796869789153,-29.1320313021085
"1027",1027,16.5,-9.34779821330153,-42.7977982133015
"1028",1028,26.29,0.446434875505414,-31.7875651244946
"1029",1029,27.02,1.18066796431236,-29.1653320356876
"1030",1030,22.04,-3.79509894688071,-38.2930989468807
"1031",1031,12.51,-13.3208658580738,-45.9248658580738
"1032",1032,11.8,-14.0266327692668,-46.0266327692668
"1033",1033,6.45,-19.3723996804599,-48.1683996804599
"1034",1034,11.19,-14.6281665916529,-36.5231665916529
"1035",1035,16.7,-9.113933502846,-38.231933502846
"1036",1036,19.34,-6.46970041403906,-40.8622004140391
"1037",1037,28.61,2.80453267476788,-20.8088006585655
"1038",1038,27.28,1.47876576357482,-22.6845675697585
"1039",1039,33.06,7.26299885238177,-25.7436678142849
"1040",1040,34.59,8.79723194118871,-26.3461013921446
"1041",1041,21.97,-3.81853497000436,-32.7785349700044
"1042",1042,32.14,6.35569811880259,-26.3743018811974
"1044",1044,63.42,37.6441642964165,-26.1591690369169
"1045",1045,32.09,6.31839738522341,-52.6016026147766
"1048",1048,20.14,-5.61890334835577,-35.3789033483558
"1049",1049,29.83,4.07532974045117,-20.9396702595488
"1050",1050,38.9,13.1495628292581,-24.3579371707419
"1051",1051,59.21,33.4637959180651,2.23879591806505
"1052",1052,51.28,25.538029006872,-4.146970993128
"1053",1053,36.63,10.8922620956789,-24.9452379043211
"1054",1054,13.32,-12.4135048155141,-33.1985048155141
"1055",1055,14.56,-11.1692717267072,-36.1167717267072
"1056",1056,24.54,-1.18503863790025,-33.2575386379002
"1057",1057,36.93,11.2091944509067,-27.0758055490933
"1058",1058,41.57,15.8534275397136,-38.4090724602864
"1059",1059,41.66,15.9476606285206,-35.2990060381461
"1060",1060,28.54,2.83189371732752,-34.5414396160058
"1061",1061,27.93,2.22612680613446,-36.0538731938655
"1062",1062,23.78,-1.9196401050586,-24.0096401050586
"1063",1063,22.79,-2.90540701625166,-25.7754070162517
"1064",1064,44.43,18.7388260725553,-18.4511739274447
"1065",1065,54.88,29.1930591613622,-4.55360750530444
"1066",1066,37.67,11.9872922501692,-15.6252077498308
"1067",1067,37.35,11.6715253389761,-21.5009746610239
"1068",1068,40.15,14.475758427783,-13.046741572217
"1069",1069,16.47,-9.20000848341002,-34.82000848341
"1070",1070,14.28,-11.3857753946031,-43.3532753946031
"1071",1071,19.06,-6.60154230579613,-39.8215423057961
"1072",1072,28.64,2.98269078301081,-27.8348092169892
"1073",1073,22.41,-3.24307612818225,-27.5455761281823
"1074",1074,22.04,-3.60884303937531,-19.2588430393753
"1075",1075,16.09,-9.55460995056837,-23.4579432839017
"1076",1076,20.83,-4.81037686176143,-19.6603768617614
"1077",1077,17.31,-8.32614377295449,-31.2228104396212
"1078",1078,28.85,3.21808931585246,-39.4052440174809
"1079",1079,17.03,-8.59767759534061,-41.3926775953406
"1080",1080,29.42,3.79655549346634,-32.7209445065337
"1081",1081,53.75,28.1307885822733,-17.0467114177267
"1082",1082,26.14,0.525021671080218,-47.9249783289198
"1083",1083,29.06,3.44925475988716,-40.6932452401128
"1084",1084,49.43,23.8234878486941,-15.7990121513059
"1085",1085,42.32,16.717720937501,-18.339779062499
"1086",1086,32.55,6.95195402630798,-25.883045973692
"1087",1087,15.98,-9.61381288488508,-25.8838128848851
"1088",1088,16.16,-9.42957979607814,-37.7120797960781
"1089",1089,9.03,-16.5553467072712,-33.0953467072712
"1090",1090,20.51,-5.07111361846426,-18.5986136184643
"1091",1091,23.53,-2.04688052965732,-17.9368805296573
"1092",1092,36.14,10.5673525591496,-14.4076474408504
"1093",1093,19.12,-6.44841435204343,-23.6017476853768
"1094",1094,22.79,-2.77418126323649,-37.1141812632365
"1095",1095,21.68,-3.87994817442955,-39.7799481744295
"1096",1096,19.83,-5.72571508562261,-44.6407150856226
"1097",1097,22.08,-3.47148199681567,-40.9114819968157
"1098",1098,19.22,-6.32724890800873,-25.8547489080087
"1099",1099,13.3,-12.2430158192018,-22.9880158192018
"1100",1100,15.21,-10.3287827303948,-22.2062827303948
"1101",1101,20.13,-5.40454964158791,-23.7545496415879
"1102",1102,35.77,10.239683447219,-20.422816552781
"1103",1103,23.16,-2.36608346397403,-35.271083463974
"1104",1104,26.01,0.488149624832914,-32.9893503751671
"1105",1105,36.62,11.1023827136399,-6.95428395302681
"1106",1106,52.53,27.0166158024468,-4.6433841975532
"1107",1107,50.73,25.2208488912537,-4.84915110874627
"1108",1108,38.95,13.4450819800607,-8.76241801993932
"1109",1109,20.04,-5.46068493113238,-20.2381849311324
"1110",1110,23.39,-2.10645184232544,-30.4089518423254
"1111",1111,45.25,19.7577812464815,-8.5702187535185
"1112",1112,19.35,-6.13798566471156,-37.4319856647116
"1113",1113,17.56,-7.92375257590462,-46.6197525759046
"1114",1114,12.6,-12.8795194870977,-56.1735194870977
"1115",1115,23.41,-2.06528639829074,-54.7692863982907
"1116",1116,44.29,18.8189466905162,-36.5790533094838
"1117",1117,57.2,31.7331797793231,-26.1508202206769
"1118",1118,49.82,24.3574128681301,-43.6985871318699
"1119",1119,74.75,49.291645956937,-4.43035404306298
"1120",1120,29.37,3.91587904574397,-26.102120954256
"1121",1121,34.77,9.32011213455091,-31.5718878654491
"1122",1122,58.99,33.5443452233579,-11.6396547766421
"1123",1123,51.34,25.8985783121648,-13.1354216878352
"1124",1124,18.24,-7.19718859902827,-46.0831885990283
"1125",1125,11.16,-14.2729555102213,-31.3054555102213
"1126",1126,12.87,-12.5587224214144,-36.7087224214144
"1127",1127,23.44,-1.98448933260745,-39.3104893326074
"1128",1128,22.66,-2.76025624380051,-44.1002562438005
"1129",1129,38.67,13.2539768450064,-24.7410231549936
"1130",1130,29.25,3.83820993381337,-34.0517900661866
"1131",1131,23.81,-1.59755697737969,-43.4350569773797
"1132",1132,28.66,3.25667611142726,-32.0683238885727
"1133",1133,70.6,45.2009092002342,2.61490920023419
"1134",1134,94.92,69.5251422890411,13.3176422890411
"1135",1135,89.87,64.4793753778481,25.1453753778481
"1138",1138,50.2,24.8220746442689,-10.5619253557311
"1139",1139,46.42,21.0463077330758,-23.4496922669242
"1140",1140,47.99,22.6205408218828,-26.3654591781172
"1141",1141,75.59,50.2247739106897,-2.58772608931027
"1142",1142,59.04,33.6790069994967,-7.01599300050334
"1143",1143,38.04,12.6832400883036,-36.8142599116964
"1144",1144,41.62,16.2674731771105,-46.7285268228895
"1145",1145,34.22,8.87170626591749,-22.7016270674158
"1146",1146,52.09,26.7459393547244,-21.1690606452756
"1147",1147,52.78,27.4401724435314,-10.2148275564686
"1148",1148,48.99,23.6544055323383,-8.35309446766169
"1149",1149,33.43,8.09863862114525,-22.5213613788548
"1150",1150,49.76,24.4328717099522,-12.1421282900478
"1151",1151,39.5,14.1771047987591,-19.0378952012409
"1152",1152,24.38,-0.938662112433928,-36.7461621124339
"1153",1153,40.25,14.935570976373,-33.221929023627
"1154",1154,39.8,14.4898040651799,-26.99019593482
"1155",1155,35.96,10.6540371539869,-25.2384628460131
"1156",1156,50.7,25.3982702427938,-2.64172975720616
"1157",1157,64.85,39.5525033316008,6.37250333160077
"1158",1158,63.63,38.3367364204077,3.16423642040772
"1160",1160,80.3,55.0152025980216,15.8612025980216
"1161",1161,83.67,58.3894356868285,14.4834356868285
"1162",1162,56.38,31.1036687756355,-2.65033122436451
"1163",1163,39.35,14.0779018644424,-19.4000981355576
"1164",1164,25.4,0.132134953249359,-33.8278650467506
"1165",1165,51.5,26.2363680420563,-5.1676319579437
"1166",1166,44.2,18.9406011308632,-8.61739886913676
"1167",1167,29.46,4.20483421967018,-20.9191657803298
"1168",1168,24.85,-0.400932691522875,-29.2169326915229
"1169",1169,16.13,-9.11669960271594,-43.3806996027159
"1170",1170,34.86,9.61753348609101,-17.228466513909
"1171",1171,30.35,5.11176657489795,-26.826233425102
"1172",1172,18.78,-6.45400033629511,-31.1165003362951
"1173",1173,20.68,-4.54976724748817,-33.2497672474882
"1174",1174,33.1,7.87446584131877,-24.7815341586812
"1175",1175,51.4,26.1786989301257,-15.2873010698743
"1176",1176,19.7,-5.51706798106735,-30.6770679810674
"1177",1177,33.7,8.48716510773959,-22.0528348922604
"1178",1178,31.34,6.13139819654653,-33.9706018034535
"1179",1179,55.6,30.3956312853535,-17.7743687146465
"1180",1180,42.95,17.7498643741604,-21.6061356258396
"1181",1181,55.08,29.8840974629674,-4.36590253703265
"1182",1182,25.63,0.438330551774293,-32.0516694482257
"1183",1183,53.46,28.2725636405812,-7.41143635941876
"1184",1184,32.38,7.19679672938818,-18.3112032706118
"1185",1185,30.34,5.16102981819512,-23.4089701818049
"1186",1186,40.64,15.4652629070021,-12.7407370929979
"1187",1187,17.32,-7.850504004191,-24.670504004191
"1188",1188,29.43,4.26372908461594,-21.3022709153841
"1189",1189,33.87,8.70796217342288,-20.7020378265771
"1190",1190,35.11,9.95219526222982,-26.0258047377702
"1191",1191,18.1,-7.05357164896323,-42.7075716489632
"1192",1192,25.42,0.270661439843703,-25.3933385601563
"1193",1193,39.76,14.6148945286506,-10.2571054713494
"1194",1194,31.63,6.48912761745758,-24.3848723825424
"1195",1195,44.16,19.0233607062645,-17.1066392937355
"1196",1196,28.65,3.51759379507146,-22.7664062049285
"1197",1197,24.55,-0.578173116121594,-21.0561731161216
"1198",1198,35.36,10.2360599726853,-22.6319400273147
"1199",1199,31.68,6.56029306149229,-20.3837069385077
"1200",1200,17.58,-7.53547384970077,-28.3034738497008
"1201",1201,35.54,10.4287592391062,-13.2472407608938
"1202",1202,35.52,10.4129923279131,-11.4070076720869
"1203",1203,40.39,15.2872254167201,-5.58077458327995
"1204",1204,39.86,14.761458505527,-8.54854149447301
"1205",1205,36.23,11.1356915943339,-15.2643084056661
"1206",1206,25.98,0.889924683140872,-23.2020753168591
"1207",1207,29.36,4.27415777194781,-22.5158422280522
"1208",1208,20.17,-4.91160913924524,-26.5256091392452
"1209",1209,25.22,0.142623949561695,-25.2813760504383
"1210",1210,22.78,-2.29314296163136,-22.6111429616314
"1211",1211,21.35,-3.71890987282442,-24.3769098728244
"1212",1212,18.82,-6.24467678401748,-27.2466767840175
"1213",1213,20.55,-4.51044369521054,-22.9384436952105
"1214",1214,24.96,-0.0962106064035986,-17.7502106064036
"1215",1215,35.57,10.5180224824033,-15.8179775175967
"1216",1216,32.06,7.01225557121028,-18.3037444287897
"1217",1217,19.05,-5.99351133998278,-26.0410113399828
"1218",1218,21,-4.03927825117584,-25.2142782511758
"1219",1219,28.94,3.90495483763111,-15.9150451623689
"1220",1220,18.01,-7.02081207356195,-23.852812073562
"1221",1221,14.01,-11.016578984755,-29.154578984755
"1222",1222,16.09,-8.93234589594807,-29.5463458959481
"1223",1223,17.74,-7.27811280714113,-26.3761128071411
"1224",1224,23.88,-1.13387971833419,-20.6378797183342
"1225",1225,27.85,2.84035337047275,-12.9516466295273
"1226",1226,29.06,4.05458645927969,-15.6114135407203
"1227",1227,28.58,3.57881954808663,-17.3691804519134
"1228",1228,26.92,1.92305263689357,-18.1809473631064
"1229",1229,19.72,-5.27271427429949,-23.1647142742995
"1230",1230,22.16,-2.82848118549255,-21.0444811854925
"1231",1231,18.2,-6.78424809668561,-22.3682480966856
"1232",1232,21.2,-3.78001500787867,-19.0840150078787
"1233",1233,16.86,-8.11578191907173,-28.4917819190717
"1234",1234,29.21,4.23845116973522,-18.9215488302648
"1235",1235,18,-6.96731574145785,-27.8293157414578
"1236",1236,16.35,-8.6130826526509,-28.5130826526509
"1237",1237,17.7,-7.25884956384396,-24.900849563844
"1238",1238,23.94,-1.01461647503702,-18.552616475037
"1239",1239,23.47,-1.48038338623008,-24.6223833862301
"1240",1240,18.26,-6.68615029742314,-27.8281502974231
"1241",1241,21.49,-3.4519172086162,-22.0139172086162
"1242",1242,23.15,-1.78768411980926,-19.2556841198093
"1243",1243,24.18,-0.753451031002317,-19.8274510310023
"1244",1244,26.93,2.00078205780462,-16.9432179421954
"1245",1245,30.15,5.22501514661156,-12.5469848533884
"1246",1246,25.38,0.459248235418503,-22.0657517645815
"1247",1247,28.15,3.23348132422544,-17.3890186757746
"1248",1248,26.56,1.64771441303239,-17.8597855869676
"1249",1249,18.16,-6.74805249816067,-23.1305524981607
"1250",1250,19.2,-5.70381940935373,-25.8688194093537
"1251",1251,25.42,0.52041367945321,-22.4145863205468
"1252",1252,23.61,-1.28535323173985,-22.7033532317399
"1253",1253,13.73,-11.1611201429329,-27.5736201429329
"1254",1254,17.7,-7.18688705412597,-23.306887054126
"1255",1255,26.56,1.67734603468097,-18.230653965319
"1256",1256,28.01,3.13157912348791,-15.5624208765121
"1257",1257,22.81,-2.06418778770515,-21.7391877877051
"1258",1258,25.55,0.680045301101796,-20.4359546988982
"1259",1259,20.55,-4.31572161009126,-26.0982216100913
"1260",1260,17.47,-7.39148852128433,-24.0264885212843
"1261",1261,15.36,-9.49725543247738,-26.7622554324774
"1262",1262,22.22,-2.63302234367044,-23.2105223436704
"1263",1263,20.93,-3.9187892548635,-20.0621225881968
"1264",1264,23.08,-1.76455616605656,-18.4170561660566
"1265",1265,18.5,-6.34032307724962,-21.2153230772496
"1266",1266,17.63,-7.20608998844268,-24.2760899884427
"1267",1267,19.33,-5.50185689963574,-21.9193568996357
"1268",1268,22.08,-2.7476238108288,-19.1236238108288
"1269",1269,7.3,-17.5233907220219,-33.2093907220219
"1270",1270,9.12,-15.6991576332149,-31.3131576332149
"1271",1271,4.9,-19.914924544408,-38.788924544408
"1272",1272,10.52,-14.290691455601,-35.674691455601
"1273",1273,14.11,-10.6964583667941,-28.5924583667941
"1274",1274,16.66,-8.14222527798715,-25.7662252779872
"1275",1275,19.84,-4.95799218918021,-23.3999921891802
"1276",1276,19.52,-5.27375910037327,-24.4837591003733
"1277",1277,8.27,-16.5195260115663,-31.9955260115663
"1278",1278,8.07,-16.7152929227594,-32.8412929227594
"1279",1279,10.2,-14.5810598339524,-29.5150598339524
"1280",1280,15.84,-8.93682674514551,-24.0088267451455
"1281",1281,23.62,-1.15259365633857,-20.9045936563386
"1282",1282,26.67,1.90163943246838,-19.4183605675316
"1283",1283,23.31,-1.45412747872469,-19.2401274787247
"1284",1284,17.55,-7.20989438991775,-22.4198943899177
"1285",1285,20.63,-4.12566130111081,-21.8231613011108
"1286",1286,18.07,-6.68142821230386,-21.5064282123039
"1287",1287,15.28,-9.46719512349692,-23.4871951234969
"1288",1288,15.93,-8.81296203468998,-25.31796203469
"1289",1289,15.47,-9.26872894588304,-25.783728945883
"1290",1290,13.31,-11.4244958570761,-25.9144958570761
"1291",1291,17.16,-7.57026276826916,-23.1352627682692
"1292",1292,12.56,-12.1660296794622,-28.3510296794622
"1293",1293,15.12,-9.60179659065528,-26.2117965906553
"1294",1294,15.42,-9.29756350184834,-25.1200635018483
"1295",1295,13.39,-11.3233304130414,-29.3758304130414
"1296",1296,15.92,-8.78909732423446,-28.4870973242345
"1297",1297,23.53,-1.17486423542751,-22.1128642354275
"1298",1298,27.82,3.11936885337943,-17.3626311466206
"1299",1299,23.6,-1.09639805781363,-21.2343980578136
"1300",1300,25.7,1.00783503099331,-19.4461649690067
"1301",1301,24.42,-0.26793188019975,-21.5879318801998
"1302",1302,25.31,0.626301208607188,-18.8516987913928
"1303",1303,21.99,-2.68946570258587,-21.3974657025859
"1304",1304,21.15,-3.52523261377893,-22.1432326137789
"1305",1305,21.3,-3.37099952497199,-22.246999524972
"1306",1306,16.41,-8.25676643616505,-27.312766436165
"1307",1307,18.93,-5.73253334735811,-23.5145333473581
"1308",1308,27.13,2.47169974144883,-19.2523002585512
"1309",1309,25.87,1.21593283025577,-19.9540671697442
"1310",1310,29.3,4.65016591906272,-16.9558340809373
"1311",1311,27.69,3.04439900786966,-20.4876009921303
"1312",1312,25.6,0.958632096676595,-19.0673679033234
"1313",1313,12.75,-11.8871348145165,-30.6371348145165
"1314",1314,14.78,-9.85290172570952,-31.9909017257095
"1315",1315,20.26,-4.36866863690258,-23.3186686369026
"1316",1316,29.84,5.21556445190436,-17.3884355480956
"1317",1317,29.96,5.3397975407113,-18.8562024592887
"1318",1318,13.63,-10.9859693704818,-30.7139693704818
"1319",1319,10.74,-13.8717362816748,-31.9277362816748
"1320",1320,12.19,-12.4175031928679,-28.3435031928679
"1321",1321,19.88,-4.72327010406094,-22.2412701040609
"1322",1322,13.17,-11.429037015254,-28.745037015254
"1323",1323,12.72,-11.8748039264471,-27.1008039264471
"1324",1324,17.28,-7.31057083764011,-27.6125708376401
"1325",1325,21.96,-2.62633774883317,-21.3123377488332
"1326",1326,25.43,0.847895339973768,-19.8081046600262
"1327",1327,22.4,-2.17787157121929,-20.5278715712193
"1328",1328,23.48,-1.09363848241235,-20.7476384824124
"1329",1329,19.53,-5.03940539360541,-21.7574053936054
"1330",1330,24.14,-0.425172304798469,-17.9676723047985
"1331",1331,31.57,7.00906078400847,-15.5934392159915
"1332",1332,23.54,-1.01670612718459,-20.8542061271846
"1333",1333,14.77,-9.78247303837765,-29.2599730383776
"1334",1334,9.31,-15.2382399495707,-36.4502399495707
"1335",1335,15.18,-9.36400686076377,-30.1320068607638
"1336",1336,21.53,-3.00977377195682,-25.5237737719568
"1337",1337,24.16,-0.375540683149882,-26.4935406831499
"1338",1338,25.28,0.748692405657057,-23.5093075943429
"1339",1339,13.99,-10.537074505536,-34.405074505536
"1340",1340,18.7,-5.82284141672906,-23.2628414167291
"1341",1341,20.93,-3.58860832792212,-20.4086083279221
"1342",1342,23.96,-0.554375239115181,-18.3663752391152
"1343",1343,21.25,-3.26014215030824,-20.1481421503082
"1344",1344,23.22,-1.2859090615013,-14.5599090615013
"1345",1345,25.35,0.848324027305644,-15.5916759726944
"1346",1346,28.43,3.93255711611258,-13.6554428838874
"1347",1347,14.54,-9.95320979508048,-28.3312097950805
"1348",1348,19.77,-4.71897670627354,-23.4269767062735
"1349",1349,25.29,0.805256382533404,-20.7387436174666
"1350",1350,23.81,-0.670510528659655,-22.1925105286597
"1351",1351,27.23,2.75372256014728,-20.8602774398527
"1352",1352,17.53,-6.94204435104577,-27.3880443510458
"1353",1353,11.58,-12.8878112622388,-28.8858112622388
"1354",1354,13.75,-10.7135781734319,-28.8355781734319
"1355",1355,13.51,-10.9493450846249,-33.049345084625
"1356",1356,21.86,-2.59511199581801,-23.843111995818
"1357",1357,27.84,3.38912109298893,-15.6528789070111
"1358",1358,35.01,10.5633541817959,-10.8286458182041
"1359",1359,35.63,11.1875872706028,-11.1164127293972
"1360",1360,31.67,7.23182035940976,-15.1741796405902
"1361",1361,10.42,-14.0139465517833,-33.5479465517833
"1362",1362,7.34,-17.0897134629764,-36.3517134629764
"1363",1363,6.85,-17.5754803741694,-43.5494803741694
"1364",1364,10.82,-13.6012472853625,-37.4852472853625
"1365",1365,15.77,-8.64701419655554,-28.3290141965555
"1366",1366,14.07,-10.3427811077486,-35.1487811077486
"1367",1367,18.01,-6.39854801894166,-29.3325480189417
"1368",1368,23.29,-1.11431493013472,-23.8583149301347
"1369",1369,21.26,-3.14008184132778,-30.7760818413278
"1370",1370,20.29,-4.10584875252084,-33.9458487525208
"1371",1371,10.62,-13.7716156637139,-35.1856156637139
"1372",1372,11.4,-12.987382574907,-28.157382574907
"1373",1373,19.5,-4.88314948610002,-25.0911494861
"1374",1374,24.6,0.221083602706926,-24.3989163972931
"1375",1375,32.76,8.38531669151386,-12.0506833084861
"1376",1376,24.4,0.0295497803208065,-24.1754502196792
"1377",1377,18.05,-6.31621713087225,-22.5362171308723
"1378",1378,43.01,18.6480159579347,-0.796984042065315
"1379",1379,46.04,21.6822490467416,0.284749046741627
"1380",1380,41.31,16.9564821355486,-8.07851786445143
"1381",1381,47.11,22.7607152243555,0.413215224355508
"1382",1382,46.08,21.7349483131624,-4.66505168683755
"1383",1383,33.37,9.02918140196939,-20.2983185980306
"1384",1384,41.07,16.7334144907763,-15.0465855092237
"1385",1385,51.55,27.2176475795833,-3.41835242041673
"1386",1386,59.26,34.9318806683902,-3.72011933160979
"1387",1387,81.09,56.7661137571972,6.80861375719716
"1388",1388,60.25,35.9303468460041,-6.7116531539959
"1389",1389,26.7,2.38457993481104,-30.559420065189
"1390",1390,35.75,11.438813023618,-25.837186976382
"1391",1391,35.71,11.4030461124249,-24.0169538875751
"1392",1392,15.7,-8.60272079876814,-42.0527207987681
"1393",1393,10.38,-13.9184877099612,-46.1524877099612
"1394",1394,10.99,-13.3042546211543,-43.6502546211543
"1395",1395,26.17,1.87997846765268,-32.6180215323473
"1396",1396,28.02,3.73421155645962,-28.8697884435404
"1397",1397,11.76,-12.5215553547334,-44.5215553547334
"1398",1398,18.43,-5.8473222659265,-34.6433222659265
"1399",1399,25.32,1.04691082288045,-20.8480891771196
"1400",1400,20.3,-3.96885608831262,-33.0868560883126
"1401",1401,37.02,12.7553770004943,-21.6371229995057
"1402",1402,32.06,7.79961008930127,-15.8137232440321
"1403",1403,30.41,6.15384317810821,-18.0094901552251
"1404",1404,34.86,10.6080762669151,-22.3985903997515
"1405",1405,35.94,11.6923093557221,-23.4510239776112
"1406",1406,33.83,9.58654244452903,-19.373457555471
"1407",1407,40.99,16.750775533336,-15.979224466664
"1408",1408,58.44,34.2050086221429,-16.5849913778571
"1409",1409,69.41,45.1792417109499,-18.6240916223835
"1410",1410,60.94,36.7134747997568,-22.2065252002432
"1411",1411,49.2,24.9777078885637,-30.4822921114363
"1412",1412,35.55,11.3319409773707,-23.6030590226293
"1413",1413,32.96,8.74617406617762,-21.0138259338224
"1414",1414,22.77,-1.43959284501544,-26.4545928450154
"1415",1415,47.97,23.7646402437915,-13.7428597562085
"1416",1416,23.78,-0.421126667401563,-31.6461266674016
"1417",1417,37.66,13.4631064214054,-16.2218935785946
"1418",1418,67.36,43.1673395102123,7.32983951021232
"1419",1419,31.43,7.24157259901926,-13.5434274009807
"1420",1420,28.12,3.9358056878262,-21.0116943121738
"1421",1421,33.28,9.10003877663314,-22.9724612233669
"1422",1422,35.34,11.1642718654401,-27.1207281345599
"1423",1423,73.17,48.998504954247,-5.26399504575298
"1424",1424,48.05,23.882738043054,-27.3639286236127
"1425",1425,44.8,20.6369711318609,-16.7363622014724
"1427",1427,27.32,3.16543730947479,-18.9245626905252
"1428",1428,35.1,10.9496703982817,-11.9203296017183
"1429",1429,46.61,22.4639034870887,-14.7260965129113
"1430",1430,24.79,0.648136575895606,-33.0985300907711
"1431",1431,45.07,20.9323696647025,-6.68013033529745
"1432",1432,25.02,0.886602753509489,-32.2858972464905
"1433",1433,17.59,-6.53916415768357,-34.0616641576836
"1434",1434,13.6,-10.5249310688766,-36.1449310688766
"1435",1435,40.64,16.5193020199303,-15.4481979800697
"1436",1436,39.91,15.7935351087372,-17.4264648912628
"1437",1437,14.44,-9.67223180245581,-40.4897318024558
"1438",1438,10.27,-13.8379987136489,-38.1404987136489
"1439",1439,4.94,-19.1637656248419,-34.8137656248419
"1440",1440,8,-16.099532536035,-30.0028658693683
"1441",1441,7.55,-16.545299447228,-31.395299447228
"1442",1442,26.24,2.1489336415789,-20.7477330250878
"1443",1443,35.67,11.5831667303858,-31.0401666029475
"1444",1444,25.63,1.54739981919278,-31.2476001808072
"1445",1445,27.09,3.01163290799972,-33.5058670920003
"1446",1446,28.55,4.47586599680666,-40.7016340031933
"1447",1447,50.01,25.9400990856136,-22.5099009143864
"1448",1448,57.73,33.6643321744205,-10.4781678255795
"1449",1449,37.94,13.8785652632275,-25.7439347367725
"1450",1450,30.19,6.13279835203442,-28.9247016479656
"1451",1451,16.59,-7.46296855915864,-40.2979685591586
"1452",1452,7.83,-16.2187354703517,-32.4887354703517
"1453",1453,12.05,-11.9945023815448,-40.2770023815447
"1454",1454,6.06,-17.9802692927378,-34.5202692927378
"1455",1455,8.06,-15.9760362039309,-29.5035362039309
"1456",1456,11.65,-12.3818031151239,-28.2718031151239
"1457",1457,9.56,-14.467570026317,-39.442570026317
"1458",1458,13.16,-10.86333693751,-28.0166702708434
"1459",1459,13.81,-10.2091038487031,-44.5491038487031
"1460",1460,7.04,-16.9748707598962,-52.8748707598962
"1462",1462,18.79,-5.21640458228229,-42.6564045822823
"1463",1463,6.74,-17.2621714934753,-36.7896714934753
"1464",1464,6.84,-17.1579384046684,-27.9029384046684
"1465",1465,11.11,-12.8837053158615,-24.7612053158615
"1466",1466,6.18,-17.8094722270545,-36.1594722270545
"1467",1467,7.71,-16.2752391382476,-46.9377391382476
"1468",1468,25.1,1.11899395055936,-31.7860060494406
"1469",1469,8.33,-15.6467729606337,-49.1242729606337
"1470",1470,9.55,-14.4225398718268,-32.4792065384934
"1471",1471,29.45,5.48169321698018,-26.1783067830198
"1472",1472,13.85,-10.1140736942129,-40.1840736942129
"1473",1473,12.99,-10.9698406054059,-33.1773406054059
"1474",1474,3.73,-20.225607516599,-35.003107516599
"1476",1476,8.88,-15.0671413389851,-43.3951413389851
"1477",1477,10.09,-13.8529082501782,-45.1469082501782
"1478",1478,19.63,-4.30867516137124,-43.0046751613712
"1479",1479,11.11,-12.8244420725643,-56.1184420725643
"1480",1480,33.87,9.93979101624264,-42.7642089837574
"1481",1481,81.82,57.8940241050496,2.49602410504959
"1482",1482,71.99,48.0682571938565,-9.81574280614348
"1483",1483,84.79,60.8724902826635,-7.18350971733652
"1484",1484,46.91,22.9967233714704,-30.7252766285296
"1485",1485,18.98,-4.92904353972265,-34.9470435397226
"1486",1486,39.46,15.5551895490843,-25.3368104509157
"1487",1487,35.24,11.3394226378912,-33.8445773621088
"1488",1488,14.32,-9.57634427330183,-48.6103442733018
"1489",1489,33.94,10.0478888155051,-28.8381111844949
"1490",1490,19.67,-4.21787809568794,-21.2503780956879
"1491",1491,49.33,25.446354993119,1.296354993119
"1492",1492,66.95,43.0705880819259,5.74458808192594
"1498",1498,27.21,3.35598661476758,-39.2300133852324
"1499",1499,44.86,21.0102197035745,-35.1972802964255
"1500",1500,27.76,3.91445279238146,-35.4195472076185
"1501",1501,17.82,-6.0213141188116,-31.8063141188116
"1502",1502,18.61,-5.22708103000465,-37.6120810300047
"1503",1503,6.93,-16.9028479411977,-52.2868479411977
"1504",1504,9.37,-14.4586148523908,-58.9546148523908
"1505",1505,15.82,-8.00438176358383,-56.9903817635838
"1506",1506,20.71,-3.11014867477689,-55.9226486747769
"1507",1507,41.04,17.22408441403,-23.47091558597
"1508",1508,69.8,45.988317502837,-3.50918249716302
"1509",1509,79.26,55.4525505916439,-7.54344940835607
"1525",1525,8.34,-15.399719987445,-54.553719987445
"1526",1526,17.59,-6.14548689863808,-50.0514868986381
"1527",1527,18.48,-5.25125380983114,-39.0052538098311
"1528",1528,9.68,-14.0470207210242,-47.5250207210242
"1529",1529,8.96,-14.7627876322173,-48.7227876322173
"1530",1530,6.79,-16.9285545434103,-48.3325545434103
"1531",1531,5.72,-17.9943214546034,-45.5523214546034
"1532",1532,11.38,-12.3300883657964,-37.4540883657964
"1533",1533,9.98,-13.7258552769895,-42.5418552769895
"1534",1534,7.73,-15.9716221881826,-50.2356221881825
"1535",1535,6.94,-16.7573890993756,-43.6033890993756
"1536",1536,7.84,-15.8531560105687,-47.7911560105687
"1537",1537,7.14,-16.5489229217617,-41.2114229217617
"1538",1538,9,-14.6846898329548,-43.3846898329548
"1539",1539,19.93,-3.75045674414785,-36.4064567441478
"1540",1540,37.04,13.3637763446591,-28.1022236553409
"1541",1541,48.03,24.358009433466,-0.801990566533963
"1542",1542,48.66,24.992242522273,-5.54775747772702
"1543",1543,34.69,11.0264756110799,-29.0755243889201
"1544",1544,22.63,-1.02929130011314,-49.1992913001131
"1545",1545,14.2,-9.4550582113062,-48.8110582113062
"1546",1546,9.66,-13.9908251224993,-48.2408251224993
"1547",1547,13.61,-10.0365920336923,-42.5265920336923
"1548",1548,19.72,-3.92235894488538,-39.6063589448854
"1549",1549,34.97,11.3318741439216,-14.1761258560784
"1550",1550,45.89,22.2561072327285,-6.3138927672715
"1551",1551,28.93,5.30034032153544,-22.9056596784646
"1552",1552,11.78,-11.8454265896576,-28.6654265896576
"1553",1553,29.1,5.47880649914933,-20.0871935008507
"1554",1554,38.36,14.7430395879563,-14.6669604120437
"1555",1555,34.23,10.6172726767632,-25.3607273232368
"1556",1556,29,5.39150576557014,-30.2624942344299
"1557",1557,33.33,9.72573885437708,-15.9382611456229
"1558",1558,34.57,10.969971943184,-13.902028056816
"1559",1559,48.06,24.464205031991,-6.40979496800903
"1560",1560,31.59,7.99843812079791,-28.1315618792021
"1561",1561,17.7,-5.88732879039515,-32.1713287903952
"1562",1562,17.4,-6.18309570158821,-26.6610957015882
"1563",1563,19.67,-3.90886261278127,-36.7768626127813
"1564",1564,22.58,-0.994629523974329,-27.9386295239743
"1565",1565,20.65,-2.92039643516739,-23.6883964351674
"1566",1566,17.77,-5.79616334636045,-29.4721633463604
"1567",1567,22.43,-1.13193025755351,-22.9519302575535
"1568",1568,22.12,-1.43769716874656,-22.3056971687466
"1569",1569,27.64,4.08653592006038,-19.2234640799396
"1570",1570,35.25,11.7007690088673,-14.6992309911327
"1571",1571,26.68,3.13500209767426,-20.9569979023257
"1572",1572,15.42,-8.1207648135188,-34.9107648135188
"1573",1573,16.1,-7.43653172471186,-29.0505317247119
"1574",1574,21.71,-1.82229863590492,-27.2462986359049
"1575",1575,24.42,0.891934452902021,-19.426065547098
"1576",1576,31.25,7.72616754170896,-12.931832458291
"1577",1577,33.53,10.0104006305159,-10.9915993694841
"1578",1578,15.23,-8.28536628067716,-26.7133662806772
"1579",1579,10.29,-13.2211331918702,-30.8751331918702
"1580",1580,13.18,-10.3269001030633,-36.6629001030633
"1581",1581,26.96,3.45733298574367,-21.8586670142563
"1582",1582,23.13,-0.368433925449395,-20.4159339254494
"1583",1583,23.61,0.115799163357547,-21.0592008366425
"1584",1584,16.03,-7.45996774783551,-27.2799677478355
"1585",1585,12.91,-10.5757346590286,-27.4077346590286
"1586",1586,9.02,-14.4615015702216,-32.5995015702216
"1587",1587,13.96,-9.51726848141469,-30.1312684814147
"1588",1588,18.59,-4.88303539260775,-23.9810353926077
"1589",1589,23.62,0.151197696199194,-19.3528023038008
"1590",1590,18.69,-4.77456921499386,-20.5665692149939
"1591",1591,17.02,-6.44033612618693,-26.1063361261869
"1592",1592,16.39,-7.06610303737999,-28.01410303738
"1593",1593,11.34,-12.111869948573,-32.215869948573
"1594",1594,10.76,-12.6876368597661,-30.5796368597661
"1595",1595,14.42,-9.02340377095917,-27.2394037709592
"1596",1596,11.09,-12.3491706821522,-27.9331706821522
"1597",1597,12.05,-11.3849375933453,-26.6889375933453
"1598",1598,26.35,2.91929549546166,-17.4567045045383
"1599",1599,18.35,-5.0764714157314,-28.2364714157314
"1600",1600,17.39,-6.03223832692446,-26.8942383269245
"1601",1601,18.82,-4.59800523811752,-24.4980052381175
"1602",1602,15.33,-8.08377214931058,-25.7257721493106
"1603",1603,7.06,-16.3495390605036,-33.8875390605036
"1604",1604,9.17,-14.2353059716967,-37.3773059716967
"1605",1605,17.99,-5.41107288288976,-26.5530728828898
"1606",1606,19.16,-4.23683979408282,-22.7988397940828
"1607",1607,15.46,-7.93260670527587,-25.4006067052759
"1608",1608,17.81,-5.57837361646893,-24.6523736164689
"1609",1609,10.82,-12.564140527662,-31.508140527662
"1610",1610,11.05,-12.329907438855,-30.101907438855
"1611",1611,15.67,-7.70567435004811,-30.2306743500481
"1612",1612,16.89,-6.48144126124117,-27.1039412612412
"1613",1613,19.91,-3.45720817243423,-22.9647081724342
"1614",1614,17.15,-6.21297508362729,-22.5954750836273
"1615",1615,22.58,-0.778741994820351,-20.9437419948203
"1616",1616,24.35,0.995491093986594,-21.9395089060134
"1617",1617,21.41,-1.94027581720647,-23.3582758172065
"1618",1618,20.96,-2.38604272839952,-18.7985427283995
"1619",1619,17.99,-5.35180963959258,-21.4718096395926
"1620",1620,16.08,-7.25757655078564,-27.1655765507856
"1621",1621,16.16,-7.1733434619787,-25.8673434619787
"1622",1622,23.28,-0.0491103731717608,-19.7241103731718
"1623",1623,23.62,0.295122715635181,-20.8208772843648
"1624",1624,27.01,3.68935580444212,-18.0931441955579
"1625",1625,15.36,-7.95641110675094,-24.5914111067509
"1626",1626,21.75,-1.562178017944,-18.827178017944
"1627",1627,28.76,5.45205507086294,-15.1254449291371
"1628",1628,15.81,-7.49371184033012,-23.6370451736635
"1629",1629,12.5,-10.7994787515232,-27.4519787515232
"1630",1630,15.92,-7.37524566271624,-22.2502456627162
"1631",1631,22.96,-0.331012573909295,-17.4010125739093
"1632",1632,16.42,-6.86677948510235,-23.2842794851024
"1633",1633,12.81,-10.4725463962954,-26.8485463962954
"1634",1634,13.35,-9.92831330748847,-25.6143133074885
"1635",1635,11.09,-12.1840802186815,-27.7980802186815
"1636",1636,17.9,-5.36984712987459,-24.2438471298746
"1637",1637,20.32,-2.94561404106765,-24.3296140410677
"1638",1638,27.21,3.94861904773929,-13.9473809522607
"1639",1639,20.65,-2.60714786345377,-20.2311478634538
"1640",1640,12.75,-10.5029147746468,-28.9449147746468
"1641",1641,17.89,-5.35868168583989,-24.5686816858399
"1642",1642,17.12,-6.12444859703294,-21.6004485970329
"1643",1643,22.93,-0.310215508226005,-16.436215508226
"1644",1644,15.78,-7.45598241941907,-22.3899824194191
"1645",1645,11.01,-12.2217493306121,-27.2937493306121
"1646",1646,17.17,-6.05751624180518,-25.8095162418052
"1647",1647,18.69,-4.53328315299824,-25.8532831529982
"1648",1648,17.26,-5.9590500641913,-23.7450500641913
"1649",1649,10.43,-12.7848169753844,-27.9948169753844
"1650",1650,11.16,-12.0505838865774,-29.7480838865774
"1651",1651,9.16,-14.0463507977705,-28.8713507977705
"1652",1652,10.27,-12.9321177089635,-26.9521177089635
"1653",1653,12.98,-10.2178846201566,-26.7228846201566
"1654",1654,21.51,-1.68365153134966,-18.1986515313497
"1655",1655,20.87,-2.31941844254272,-16.8094184425427
"1656",1656,13.24,-9.94518535373578,-25.5101853537358
"1657",1657,16.04,-7.14095226492883,-23.3259522649288
"1658",1658,12.31,-10.8667191761219,-27.4767191761219
"1659",1659,10.62,-12.552486087315,-28.374986087315
"1660",1660,20.49,-2.67825299850801,-20.730752998508
"1661",1661,25.24,2.07598009029893,-17.6220199097011
"1662",1662,20.93,-2.22978682089413,-23.1677868208941
"1663",1663,13.66,-9.49555373208719,-29.9775537320872
"1664",1664,16.76,-6.39132064328025,-26.5293206432803
"1665",1665,14.28,-8.86708755447331,-29.3210875544733
"1666",1666,16.37,-6.77285446566637,-28.0928544656664
"1667",1667,25.03,1.89137862314058,-17.5866213768594
"1668",1668,17.56,-5.57438828805249,-24.2823882880525
"1669",1669,19.75,-3.38015519924555,-21.9981551992455
"1670",1670,18.54,-4.58592211043861,-23.4619221104386
"1671",1671,22.51,-0.611689021631662,-19.6676890216317
"1672",1672,20.96,-2.15745593282472,-19.9394559328247
"1673",1673,21.78,-1.33322284401778,-23.0572228440178
"1674",1674,14.44,-8.66898975521084,-29.8389897552108
"1675",1675,13.21,-9.8947566664039,-31.5007566664039
"1676",1676,13.92,-9.18052357759696,-32.712523577597
"1677",1677,11.41,-11.68629048879,-31.71229048879
"1678",1678,13.65,-9.44205739998308,-28.1920573999831
"1679",1679,16.58,-6.50782431117614,-28.6458243111761
"1680",1680,12.74,-10.3435912223692,-29.2935912223692
"1681",1681,12.06,-11.0193581335623,-33.6233581335623
"1682",1682,15.56,-7.51512504475531,-31.7111250447553
"1683",1683,12.27,-10.8008919559484,-30.5288919559484
"1684",1684,12.74,-10.3266588671414,-28.3826588671414
"1685",1685,14.93,-8.13242577833449,-24.0584257783345
"1686",1686,12.57,-10.4881926895276,-28.0061926895276
"1687",1687,16.09,-6.96395960072061,-24.2799596007206
"1688",1688,14.5,-8.54972651191367,-23.7757265119137
"1689",1689,14.2,-8.84549342310673,-29.1474934231067
"1690",1690,12.96,-10.0812603342998,-28.7672603342998
"1691",1691,12.3,-10.7370272454928,-31.3930272454928
"1692",1692,8.73,-14.3027941566859,-32.6527941566859
"1693",1693,13.73,-9.29856106787897,-28.952561067879
"1694",1694,11.29,-11.734327979072,-28.452327979072
"1699",1699,26.37,3.36683746496268,-17.8451625350373
"1700",1700,24.84,1.84107055376962,-18.9269294462304
"1701",1701,29.4,6.40530364257656,-16.1086963574234
"1702",1702,27.88,4.8895367313835,-21.2284632686165
"1703",1703,24.77,1.78376982019044,-22.4742301798096
"1704",1704,22.36,-0.621997091002619,-24.4899970910026
"1705",1705,24.11,1.13223599780432,-16.3077640021957
"1706",1706,11.42,-11.5535309133887,-28.3735309133887
"1707",1707,14.27,-8.69929782458179,-26.5112978245818
"1708",1708,17.22,-5.74506473577486,-22.6330647357749
"1709",1709,16.12,-6.84083164696791,-20.1148316469679
"1710",1710,15.54,-7.41659855816097,-23.856598558161
"1711",1711,15.85,-7.10236546935403,-24.690365469354
"1712",1712,8.89,-14.0581323805471,-32.4361323805471
"1713",1713,9.88,-13.0638992917402,-31.7718992917401
"1714",1714,11.88,-11.0596662029332,-32.6036662029332
"1715",1715,17.58,-5.35543311412627,-26.8774331141263
"1716",1716,17.98,-4.95120002531933,-28.5652000253193
"1717",1717,12.49,-10.4369669365124,-30.8829669365124
"1718",1718,17.83,-5.09273384770545,-21.0907338477055
"1719",1719,15.75,-7.16850075889851,-25.2905007588985
"1720",1720,13.95,-8.96426767009157,-31.0642676700916
"1721",1721,14.1,-8.81003458128462,-30.0580345812846
"1722",1722,11.67,-11.2358014924777,-30.2778014924777
"1723",1723,11.41,-11.4915684036707,-32.8835684036707
"1724",1724,15.03,-7.8673353148638,-30.1713353148638
"1725",1725,22.03,-0.86310222605686,-23.2691022260569
"1726",1726,17.75,-5.13886913724992,-24.6728691372499
"1727",1727,22.73,-0.154636048442978,-19.416636048443
"1728",1728,46.45,23.569597040364,-2.40440295963604
"1729",1729,42.76,19.8838301291709,-4.0001698708291
"1730",1730,19.25,-3.62193678202216,-23.3039367820222
"1731",1731,16.77,-6.09770369321522,-30.9037036932152
"1732",1732,11.14,-11.7234706044083,-34.6574706044083
"1733",1733,9.86,-12.9992375156013,-35.7432375156013
"1734",1734,17.31,-5.5450044267944,-33.1810044267944
"1735",1735,10.89,-11.9607713379875,-41.8007713379875
"1736",1736,8.71,-14.1365382491805,-35.5505382491805
"1737",1737,10.46,-12.3823051603736,-27.5523051603736
"1738",1738,14.66,-8.17807207156663,-28.3860720715666
"1739",1739,16.85,-5.98383898275969,-30.6038389827597
"1740",1740,14.61,-8.21960589395275,-28.6556058939527
"1741",1741,36.55,13.7246271948542,-10.4803728051458
"1742",1742,21.85,-0.971139716338868,-17.1911397163389
"1743",1743,10.7,-12.1169066275319,-31.5619066275319
"1744",1744,9.99,-12.822673538725,-34.220173538725
"1745",1745,15.95,-6.85844044991805,-31.893440449918
"1746",1746,14.63,-8.1742073611111,-30.5217073611111
"1747",1747,15.5,-7.29997427230417,-33.6999742723042
"1748",1748,30.5,7.70425881650278,-21.6232411834972
"1749",1749,34.9,12.1084919053097,-19.6715080946903
"1750",1750,17.92,-4.86727500588334,-35.5032750058833
"1751",1751,18.76,-4.0230419170764,-42.6750419170764
"1752",1752,25.28,2.50119117173054,-47.4563088282695
"1753",1753,27.22,4.44542426053748,-38.1965757394625
"1754",1754,21.78,-0.990342650655577,-33.9343426506556
"1755",1755,39.88,17.1138904381514,-20.1621095618486
"1756",1756,40.93,18.1681235269583,-17.2518764730417
"1757",1757,59.35,36.5923566157652,3.14235661576524
"1758",1758,46.96,24.2065897045722,-8.02741029542782
"1759",1759,43.65,20.9008227933791,-9.44517720662088
"1760",1760,32.57,9.82505588218607,-24.6729441178139
"1761",1761,15.05,-7.69071102900699,-40.294711029007
"1762",1762,19.34,-3.39647794020005,-35.3964779402001
"1763",1763,23.46,0.727755148606889,-28.0682448513931
"1764",1764,37.38,14.6519882374138,-7.24301176258617
"1765",1765,37.86,15.1362213262208,-13.9817786737792
